,player,team,gp,pim_60,ev_goals_60,ev_assists_60,shot_att_60,shot_pct,thru_pct,ev_60,toi_even,blk_60,hit_60,cf_60,ca_60,corsi_pct,oishot_pct,oisv_pct,off_zs_pct,takeaway_60,giveaway_60,cluster,defense,offense,finishing
1,Aaron Ekblad,FLA,67,1.013645224,0.233411569,1.353787103,10.33138402,3.4,55.5,50.10851202,19.18333333,3.274853801,1.325536062,59.37990326,52.93774395,52.9,10.9,90,48.7,1.442495127,2.884990253,Norris Candidate,1.900965326,6.35985178,4.037582183
2,Aaron Ness,ARI,24,0,0,0.208333333,5.382059801,0,40.7,57.40863787,12,3.986710963,3.388704319,53.95833333,56.66666667,48.8,8.8,90.8,55.6,0.199335548,1.594684385,Stay-at-Home Defender,1.055350078,-4.588170628,-6.184309416
3,Adam Boqvist,CHI,41,0.541353383,0.421632067,0.737856118,9.654135338,8,46.7,51.35789474,13.88333333,3.879699248,2.977443609,57.97440928,61.55828185,48.5,9.2,91,58.4,0.902255639,2.345864662,Two-Way Player,2.510123428,2.370733461,2.566158364
4,Adam Fox,NYR,70,1.451247166,0.358565737,1.126920888,11.02040816,6.4,51.4,53.12169312,16.73333333,4.172335601,1.587301587,55.73136027,51.9408082,51.8,11.4,91.6,53.9,2.585034014,2.766439909,Norris Candidate,3.329536309,5.322725098,4.787321792
5,Adam Larsson,EDM,49,2.160493827,0.068662979,0.343314896,7.839506173,1.6,48,53.94032922,17.83333333,5.061728395,6.913580247,52.59584208,58.70684722,47.3,8.8,91.8,44.3,0.987654321,2.160493827,Bottom Pair Player,-3.590067428,-2.638767007,-2.82283014
6,Adam Pelech,NYI,38,1.494396015,0.086994345,0.521966072,8.592777086,2,42.6,51.53424658,18.15,6.201743462,6.052303861,48.97781644,62.54893432,43.9,9.4,91.6,37.9,2.391033624,3.586550436,Bottom Pair Player,-6.211380273,0.491244106,-2.165522947
7,Alec Martinez,TOT,51,1.257976299,0.191468993,0.574406978,9.626253418,4,42.6,51.41841386,18.43333333,6.399270738,2.351868733,58.58951175,56.93011382,50.7,9,88.7,51.7,0.765724704,1.750227894,Forward Playing Defense,-0.220901344,1.828535755,-0.5188917
8,Alex Biega,DET,49,1.788819876,0,0.254807125,9.167701863,0,44.7,52.65217391,14.41666667,3.428571429,8.571428571,47.64893241,58.01108883,45.1,5.3,93.3,47.5,0.298136646,2.236024845,Healthy Scratch,-2.082783732,-5.633396268,-5.856212979
9,Alex Goligoski,ARI,70,0.892193309,0.092831356,0.881897886,7.918215613,4,47.4,48.05452292,18.46666667,4.981412639,3.382899628,56.48788035,60.34038164,48.4,8.7,91.9,49.1,0.260223048,1.970260223,Forward Playing Defense,-2.55180679,1.238366969,-0.367053456
10,Alex Pietrangelo,STL,70,0.708800945,0.452716298,0.860160966,14.81393975,7.1,53.8,46.96987596,18.93333333,3.154164206,1.665682221,57.49496982,50.97585513,53,10.6,89.7,51.6,1.523922032,1.594802126,Norris Candidate,4.832851433,7.06420389,6.616073728
11,Alexander Edler,VAN,59,2.788605697,0.222486597,1.223676282,11.64917541,4.2,45.6,48.517991,18.28333333,7.286356822,4.857571214,61.23943575,63.68678831,49,10,91.5,42.9,0.404797601,1.934032984,Forward Playing Defense,-5.075246896,2.188653984,1.435644989
12,Andreas Englund,OTT,24,2.748091603,0,0.782608696,5.267175573,0,43.5,52.67175573,9.583333333,3.664122137,13.28244275,49.30434783,55.56521739,47,4,88.7,65.3,0.916030534,1.145038168,Healthy Scratch,2.394794367,-7.517907192,-6.401132394
13,Andrej Sekera,DAL,57,0.81871345,0.06740437,0.40442622,7.485380117,3.2,49.2,52.05555556,15.61666667,4.385964912,1.988304094,51.63174746,57.02409706,47.5,5.7,96.1,44.9,0.467836257,2.923976608,Bottom Pair Player,-3.037928446,-2.361832623,-3.171285979
14,Andrew Peeke,CBJ,22,0.786885246,0.206091138,0.412182276,10.42622951,4.3,43.4,57.27213115,13.23333333,4.131147541,4.918032787,55.43851614,53.37760476,50.9,7.2,92.8,53.2,0.590163934,1.573770492,Stay-at-Home Defender,2.595359499,-2.595898035,-2.222894686
15,Andy Greene,TOT,63,0.779853777,0.119296153,0.536832687,6.043866775,3.3,48.4,49.02843217,15.96666667,7.554833469,1.462225833,49.38860722,61.91470325,44.4,7.9,91.8,40.8,0.779853777,1.998375305,Bottom Pair Player,-7.095258313,-1.446701354,-2.333916212
16,Anthony Bitetto,WPG,51,2.483829237,0,0.638394893,8.150064683,0,51.4,51.06597671,12.9,3.880983182,11.25485123,51.34518924,57.72913817,47.1,10.2,92.2,54.3,1.241914618,1.7076326,Stay-at-Home Defender,-1.088702132,-4.17756272,-2.824147692
17,Anthony DeAngelo,NYR,68,2.149390244,0.656295576,1.203208556,12.16463415,10.1,56,50.17073171,16.13333333,2.606707317,2.195121951,57.31648031,60.54326689,48.6,10.5,91.8,55.6,0.731707317,2.972560976,Norris Candidate,2.738114789,5.27924536,7.744414172
18,Anton Stralman,FLA,69,0.577716644,0.239549647,0.622829081,6.932599725,5.6,53,51.67881706,18.15,3.961485557,2.80605227,54.47358965,60.55815068,47.4,9.7,89.3,48.1,1.650618982,1.980742779,Forward Playing Defense,-0.697056648,2.42173049,1.83727275
19,Ben Chiarot,MTL,69,2.293233083,0.397936625,0.530582167,11.05263158,6.9,44.2,51.01503759,19.66666667,4.812030075,5.714285714,65.52689757,55.0036846,54.4,8,90.9,49.3,0.676691729,3.233082707,Forward Playing Defense,1.11692509,3.152037467,2.202562703
20,Ben Hutton,LAK,65,0.707666386,0.220875834,0.662627502,11.32266217,3.5,50.9,54.9241786,16.71666667,3.841617523,2.577927548,64.38530562,51.62972621,55.5,7.3,91.3,46.9,0.606571188,2.072451559,Two-Way Player,2.773417683,1.85275581,0.377308332
21,Brad Hunt,MIN,59,0.403135498,0.402486472,0.321989178,12.2956327,7.5,57.9,50.0806271,12.63333333,2.620380739,0.806270997,57.4750682,57.79705738,49.9,7.9,90.3,52.4,1.007838746,0.940649496,Two-Way Player,4.106067328,1.80817109,3.441595682
22,Brady Skjei,TOT,67,1.948051948,0.398748373,0.697809653,10.34632035,5.8,58.2,52.11111111,17.96666667,4.155844156,4.458874459,55.0272755,63.10193005,46.6,8.9,89.8,47.2,1.558441558,2.380952381,Forward Playing Defense,-1.124977489,2.496547958,3.453571197
23,Brandon Carlo,BOS,67,1.443148688,0.209478921,0.785545954,7.871720117,3.6,61.7,50.10349854,17.1,3.32361516,5.510204082,53.67897355,52.10788164,50.7,8.7,93.2,52.6,1.355685131,1.39941691,Forward Playing Defense,0.969623563,0.184845711,2.01096466
24,Brandon Davidson,TOT,12,0,0,0,14,0,48.6,56.56,11.78333333,8,9.6,60.67892504,60.25459689,50.2,6.7,88.6,53.4,1.2,3.6,Stay-at-Home Defender,-0.468573066,-2.096945678,-5.803941526
25,Brandon Montour,BUF,54,1.595441595,0.315357931,0.693787449,8.717948718,5.8,56.2,54.20512821,17.61666667,3.01994302,3.418803419,49.76348155,53.86313466,48,10.1,93.4,52.2,0.683760684,1.538461538,Forward Playing Defense,0.916377514,-0.27399721,2.3817804
26,Brayden McNabb,VEG,71,1.688951443,0.050202203,0.351415423,7.431386348,2.7,41.5,50.46446165,16.83333333,5.615763547,8.486980999,59.18839771,54.36898619,52.1,8.2,90.9,47.2,1.351161154,1.351161154,Stay-at-Home Defender,-1.274376754,-1.778863152,-2.686633133
27,Braydon Coburn,TBL,40,1.708185053,0.11826544,0.354796321,10.14234875,2.3,46.3,54.16370107,12.68333333,2.989323843,6.298932384,59.01445466,56.64914586,51,10.9,91.8,48.6,0.320284698,0.533807829,Stay-at-Home Defender,1.268270077,-3.098084864,-1.625957227
28,Brendan Guhle,ANA,30,1.171875,0.515574651,0.515574651,10.546875,10.3,43.3,54.55078125,15.51666667,5.0390625,2.4609375,45.62835661,57.09989259,44.4,7.4,90.2,50.9,0.703125,2.9296875,Forward Playing Defense,0.284119622,0.434508564,1.817425656
29,Brendan Smith,NYR,62,6.191860465,0.21585322,0.43170644,7.587209302,6.7,51.7,48.48255814,8.966666667,3.575581395,7.848837209,46.73222209,60.54682816,43.6,4.7,90.8,47.1,1.569767442,2.093023256,Bottom Pair Player,-2.689768614,-6.35380154,-1.24324586
30,Brenden Dillon,TOT,69,4.646314222,0.05165734,0.619888076,6.388682055,1.7,40.6,51.89128816,16.83333333,3.306031273,8.667163068,56.25484288,53.36203186,51.3,8.5,90,48.1,0.714817573,1.161578555,Stay-at-Home Defender,-0.528154948,-3.844555125,-2.750932681
31,Brent Burns,SJS,70,1.146711636,0.307429547,0.878370135,15.21079258,5.3,49.9,46.07644744,19.51666667,3.878583474,2.428330523,59.77308772,61.13456142,49.4,9.7,88.7,51.9,1.652613828,2.563237774,Norris Candidate,2.204370737,7.46302125,4.370668314
32,Brent Seabrook,CHI,32,0.82616179,0.238095238,0.119047619,8.055077453,7.5,51.3,52.04819277,15.75,6.299483649,5.370051635,53.69047619,67.14285714,44.4,7.9,94,46.2,0.309810671,2.788296041,Bottom Pair Player,-5.607557337,-2.287128414,-1.005337516
33,Brett Kulak,MTL,56,0.75,0,0.446871897,11.8125,0,53.4,58.74166667,16.78333333,3.125,3.6875,64.03035892,49.02823095,56.6,7.1,90.6,50.8,0.8125,2.25,Two-Way Player,4.578062262,0.324686433,-2.457163443
34,Brett Pesce,CAR,61,1.213483146,0.21578206,0.64734618,9.97752809,3.8,46.8,49.98801498,18.23333333,4.08988764,0.988764045,59.07033896,52.97449576,52.7,9.1,91.2,49.2,1.887640449,1.752808989,Two-Way Player,2.03424514,3.628215229,1.575268336
35,Brian Dumoulin,PIT,28,1.016949153,0,0.705144946,8.13559322,2.9,43.8,51.91864407,18.23333333,3.559322034,4.474576271,62.52285192,47.47975973,56.8,12.5,89.3,50.3,1.322033898,1.322033898,Two-Way Player,3.212987504,2.318462507,0.190880159
36,Brian Lashoff,DET,9,2.748091603,0,0.504413619,5.038167939,0,54.5,54.48091603,13.21666667,3.20610687,7.328244275,45.90163934,47.91929382,48.9,5.7,97.9,52.5,0,0.916030534,Healthy Scratch,-1.078522062,-8.884091169,-4.994936222
37,Cale Fleury,MTL,41,0.612244898,0.108401084,0,10.6122449,2.2,43.3,56.47959184,13.5,4.591836735,10.40816327,57.01897019,56.69376694,50.1,5.6,92.3,56.4,0.510204082,3.163265306,Stay-at-Home Defender,1.516061855,-4.036420715,-5.236927752
38,Cale Makar,COL,57,0.601001669,0.502749411,1.445404556,13.62270451,9.9,44.5,47.81719533,16.75,2.353923205,2.25375626,61.6496465,56.18224666,52.3,10.6,90.7,62.1,1.702838063,2.003338898,Norris Candidate,7.235983089,8.443799675,7.484108537
39,Caleb Jones,EDM,43,0.986842105,0.409894395,0.409894395,7.796052632,10.5,48.1,57.78125,13.61666667,4.539473684,3.256578947,52.87637699,55.02832256,49,9.3,90.4,50.5,0.789473684,2.565789474,Forward Playing Defense,1.154573877,-0.798588659,1.656075213
40,Calle Rosen,TOT,12,1.472392638,0,1.158301158,13.25153374,0,38.9,57.20245399,12.95,2.576687117,1.104294479,58.68725869,60.23166023,49.4,6,93.2,57,0.736196319,2.944785276,Two-Way Player,3.71825262,0.563974472,-3.723835194
41,Calvin de Haan,CHI,29,1.039861352,0.121703854,0.60851927,9.878682842,2.4,44.2,51.26516464,17,7.590987868,9.670710572,57.80933063,63.28600406,47.7,7.4,96.2,47.2,0.935875217,3.01559792,Bottom Pair Player,-5.620156538,-1.66665153,-2.918786218
42,Cam Fowler,ANA,59,0.925212028,0.390419236,0.780838472,9.390902082,7.7,57.6,49.76561295,18.23333333,2.68311488,1.156515035,58.73020791,54.99333808,51.6,8.1,90.8,53.9,0.971472629,1.434078643,Norris Candidate,3.453317052,3.851529307,4.682301515
43,Carl Dahlstrom,WPG,15,1.628959276,0,0.291970803,8.416289593,0,29,55.7918552,13.7,3.529411765,1.357466063,55.18248175,52.26277372,51.4,3.1,93.1,45.3,1.085972851,3.800904977,Stay-at-Home Defender,0.925594297,-2.576581178,-7.431180387
44,Carl Gunnarsson,STL,36,1.690140845,0.243902439,0.487804878,5.387323944,6.5,60.8,51.97183099,13.66666667,5.387323944,2.852112676,48.53658537,54.63414634,47,9.1,93.9,48,0.316901408,1.478873239,Bottom Pair Player,-3.271477716,-3.671740195,0.549719499
45,Carson Soucy,MIN,55,1.255813953,0.459330144,0.535885167,7.813953488,11.5,54.5,54.68023256,14.25,3.488372093,4.813953488,48.45933014,54.43062201,47.1,11,94.2,43.2,1.186046512,1.11627907,Forward Playing Defense,-0.794262733,-1.476011796,4.408831035
46,Chad Ruhwedel,PIT,41,1.188118812,0.217608124,0.435216248,8.316831683,4.5,52.4,54.5990099,13.45,2.475247525,7.326732673,49.17943603,51.02910509,49.1,8.8,92.7,52.5,0.693069307,1.683168317,Stay-at-Home Defender,2.064507911,-3.360182112,-0.654097775
47,Charlie McAvoy,BOS,67,1.585051546,0.181831957,1.136449731,8.505154639,5,45.9,51.02706186,19.7,5.06443299,5.06443299,57.41344041,54.77687704,51.2,9.6,92.8,49.6,1.430412371,2.628865979,Forward Playing Defense,-0.834778537,2.859383904,1.548158191
48,Chris Tanev,VAN,69,1.824925816,0.109724318,0.877794541,4.362017804,4.4,45.9,48.67878338,15.85,7.077151335,1.424332344,52.61281031,61.39075573,46.2,11.6,90.5,45.7,0.890207715,2.002967359,Bottom Pair Player,-5.890837407,-0.072011049,-0.531965978
49,Christian Djoos,TOT,11,0,0.348533256,0.348533256,8,7.7,46.4,49.18571429,15.65,3.428571429,0.571428571,56.46238745,51.23438861,52.4,9.6,92.1,56.6,0.571428571,1.714285714,Two-Way Player,3.648554904,1.821107961,2.027792583
50,Christian Folin,MTL,16,3.376623377,0.271411339,0.271411339,8.051948052,7.7,41.9,57.41991342,13.81666667,5.454545455,9.87012987,55.63932449,45.32569361,55.1,8.6,90.5,54.9,0.25974026,2.077922078,Stay-at-Home Defender,2.200259643,-4.93829093,-1.484353675
51,Christian Jaros,OTT,13,2.627737226,0,0.945129955,7.00729927,0,31.3,55.60583942,9.766666667,5.255474453,6.131386861,41.58571804,47.72906275,46.6,11.6,90.9,59.3,0.437956204,2.189781022,Healthy Scratch,0.67773027,-5.841088456,-5.848766517
52,Cody Ceci,TOR,56,1.043478261,0.06187268,0.433108758,6.104347826,2.1,41,50.59478261,17.31666667,4.12173913,4.8,56.79912003,57.66533755,49.6,9.1,93.1,45.2,0.67826087,1.565217391,Bottom Pair Player,-2.265254265,-1.481194683,-2.681306623
53,Cody Goloubef,TOT,26,1.215189873,0.172430309,0.172430309,6.53164557,5.6,41.9,52.8556962,13.38333333,3.64556962,6.835443038,50.86694128,62.76463263,44.8,9.8,90.6,54,0.455696203,3.189873418,Stay-at-Home Defender,-1.17071478,-2.796645084,-2.577742188
54,Colin Miller,BUF,51,1.510297483,0.076229196,0.53360437,12.01372998,1.3,45.1,54.03432494,15.43333333,2.745995423,5.972540046,51.22601957,52.21699911,49.5,7.2,91.6,50.1,0.61784897,1.990846682,Stay-at-Home Defender,2.191648322,-1.791894174,-2.733974821
55,Colton Parayko,STL,64,0.652173913,0.328672788,0.704298831,11.57608696,6.2,57,52.08695652,19.96666667,4.320652174,3.546195652,50.05217028,51.9303005,49.1,9.2,91.9,47.4,1.345108696,1.671195652,Forward Playing Defense,0.656053564,2.642768086,3.520263329
56,Connor Carrick,NJD,29,2.440191388,0.150106325,0.750531627,7.320574163,4,49,57.37559809,13.78333333,5.598086124,3.875598086,45.03189759,66.49710211,40.4,8.9,91.6,41.5,0.717703349,1.722488038,Bottom Pair Player,-6.213996257,-4.332665772,-2.302125485
57,Connor Clifton,BOS,31,1.610738255,0.280166543,0,7.248322148,10,37,57.49217002,13.81666667,4.429530201,12.08053691,48.32872874,56.4535585,46.1,9.7,93.8,53.5,1.610738255,0.939597315,Stay-at-Home Defender,0.305833516,-5.658403671,-1.153507267
58,Connor Murphy,CHI,58,1.313868613,0.281109445,0.730884558,11.48418491,4.3,49.6,51.93187348,18.4,6.715328467,6.228710462,56.5029985,56.78410795,49.9,9.7,90.6,46,0.827250608,2.141119221,Forward Playing Defense,-2.21211634,1.387663173,1.060097348
59,Dakota Mermis,NJD,10,1.25,0.350877193,1.052631579,10.3125,5.9,51.5,53.4375,17.1,6.5625,6.25,56.49122807,64.21052632,46.8,12.9,94.6,39.6,0.3125,2.1875,Bottom Pair Player,-6.198815613,0.627434426,2.698766585
60,Damon Severson,NJD,69,1.96969697,0.238672978,0.76375353,8.371212121,7,51.6,47.61174242,18.21666667,3.674242424,3.068181818,53.08087036,58.99996022,47.4,7.6,89.8,45,1.325757576,2.765151515,Forward Playing Defense,-1.511077461,2.587246572,2.193247362
61,Dan Hamhuis,NSH,60,2.411021814,0,0.670391061,6.957520092,0,43.6,49.32261768,11.93333333,3.65097589,4.408725603,55.72625698,54.63687151,50.5,7.6,92.4,48.6,0.619977038,2.342135476,Stay-at-Home Defender,-0.82770372,-2.979454383,-4.045698269
62,Danny DeKeyser,DET,8,1.363636364,0,1.612903226,7.840909091,0,52.2,50.72727273,18.6,6.136363636,2.045454545,45.56451613,66.53225806,40.6,17.2,91.2,36,0,2.727272727,Bottom Pair Player,-10,1.687667183,0.502336101
63,Dante Fabbro,NSH,64,1.871921182,0.208913649,0.313370474,9.408866995,5.4,48.2,56.591133,17.95,4.187192118,2.660098522,56.87674095,55.20543175,50.7,7.3,90.7,51.4,1.133004926,1.921182266,Two-Way Player,1.717117495,-0.08751135,-0.39336086
64,Darnell Nurse,EDM,71,1.72972973,0.211091696,0.971021801,11.85585586,2.9,51.7,51.21381381,20.01666667,5.081081081,6.198198198,56.10817277,61.04771845,47.9,9.7,90.7,50.9,0.936936937,1.945945946,Forward Playing Defense,-1.20713619,2.411653098,1.434424552
65,David Savard,CBJ,68,1.492537313,0,0.432368955,8.230277186,0,50.3,53.2594172,18.36666667,6.950959488,5.501066098,52.94117647,61.01206363,46.5,7.6,92.1,41.5,0.767590618,1.833688699,Bottom Pair Player,-6.054641849,-2.641858468,-3.939658364
66,Dean Kukan,CBJ,33,1.366223909,0,0.495867769,10.24667932,2,56.7,55.10436433,14.66666667,3.187855787,2.732447818,52.68595041,51.32231405,50.7,5.4,90.1,60.5,0.796963947,1.593927894,Stay-at-Home Defender,4.496406398,-1.704487401,-2.496901717
67,Dennis Cholowski,DET,36,0.520231214,0.102040816,0.204081633,8.757225434,3.9,50.5,50.98265896,16.33333333,3.034682081,1.300578035,52.95918367,58.67346939,47.4,4.6,89,55,0.346820809,1.820809249,Stay-at-Home Defender,1.979690562,-0.521955916,-2.362770532
68,Dennis Gilbert,CHI,21,6.909090909,0.199567604,0.399135207,3.454545455,8.3,63.2,54.66363636,14.31666667,6,13.45454545,44.70314319,63.46249792,41.3,9.2,89.7,44.3,0.363636364,0.727272727,Healthy Scratch,-8.324298427,-10,-0.274875495
69,Derek Forbort,TOT,20,0.674157303,0,0.184615385,9.269662921,0,40,54.7752809,16.25,5.056179775,5.898876404,48.73846154,50.95384615,48.9,3.6,93.3,50,0.337078652,2.696629213,Healthy Scratch,-0.485105516,-4.385185179,-6.932649347
70,Deryk Engelland,VEG,49,2.581395349,0.086740718,0.34696287,8.093023256,1.7,50.9,48.25930233,14.11666667,6,7.953488372,59.3306508,56.3814664,51.3,8.8,91.2,55.3,1.046511628,1.186046512,Stay-at-Home Defender,-0.859001202,-2.653464244,-1.974728907
71,Devon Toews,NYI,68,0.688172043,0.248084238,0.84348641,11.13978495,4.9,47.1,52.01146953,17.78333333,3.225806452,2.365591398,56.66244005,54.97546723,50.8,8.5,91.5,53.6,1.376344086,2.451612903,Two-Way Player,3.113626397,3.611070007,1.686881012
72,Dmitry Kulikov,WPG,51,1.880509305,0.127071531,0.508286123,8.285994123,3.7,38.3,55.49559256,18.51666667,4.524975514,6.11165524,57.05511728,54.95843702,50.9,7.2,91.7,54.4,0.940254652,3.232125367,Stay-at-Home Defender,0.90023068,-0.462081598,-2.726346097
73,Dmitry Orlov,WSH,69,1.411764706,0.132197415,0.793184489,8.784313725,3.8,46.9,53.39607843,19.73333333,3.215686275,4.156862745,60.23795535,52.6586369,53.4,9.9,90.1,50.5,1.921568627,2.549019608,Two-Way Player,2.572115225,3.576674654,1.17662099
74,Dougie Hamilton,CAR,47,1.755027422,0.867121638,1.083902047,18.59232176,8.2,50.1,45.5393053,17.66666667,3.455210238,2.851919561,67.63548776,49.57045363,57.7,10,92.6,51.6,1.206581353,2.193784278,Norris Candidate,6.645622528,9.123480609,10
75,Drew Doughty,LAK,67,1.248554913,0.087084835,0.783763516,10.43930636,5,46.8,47.79075145,20.56666667,3.01734104,3.676300578,55.42949757,54.90698856,50.2,7.3,90.6,49.4,0.520231214,2.843930636,Forward Playing Defense,0.755894375,3.111400891,0.454478846
76,Duncan Keith,CHI,61,0.725806452,0.051052243,0.765783652,10.32258065,2.7,43.4,47.38978495,19.26666667,4.717741935,1.048387097,58.45481876,60.95637869,49,8.8,92,54,1.693548387,2.983870968,Forward Playing Defense,-0.030895876,4.658804314,-0.254434292
77,Dylan DeMelo,TOT,59,1.868686869,0,0.477627782,7.424242424,0,50.3,50.75589226,17.03333333,3.888888889,5.303030303,59.46465886,52.47935255,53.1,8,91.1,48.9,0.454545455,2.121212121,Stay-at-Home Defender,-0.148031654,-1.319960723,-2.837536393
78,Dylan McIlrath,DET,16,5.82278481,0,0,8.35443038,0,42.4,49.01265823,12.1,3.037974684,12.15189873,42.14876033,53.30578512,44.2,2.9,91,46.4,1.012658228,2.025316456,Healthy Scratch,-2.221792312,-9.493332058,-6.982852652
79,Erik Brannstrom,OTT,31,2.086956522,0,0.440996325,11.73913043,0,42.2,53.23913043,13.16666667,4.695652174,1.956521739,55.12454063,57.77051858,48.8,8.3,88.9,53.1,0.652173913,2.608695652,Stay-at-Home Defender,0.958765283,-0.989531003,-4.17656513
80,Erik Cernak,TBL,67,2.787401575,0.287641024,0.402697434,9.732283465,4,60.7,49.27401575,15.56666667,4.582677165,8.125984252,54.19156892,53.09853303,50.5,9.6,91.9,47.2,0.850393701,1.322834646,Forward Playing Defense,-1.194454908,-1.976943837,1.665433567
81,Erik Gudbranson,TOT,51,5.769230769,0.280668928,0.280668928,9.898785425,5.1,47.9,51.9291498,16.76666667,3.522267206,5.4048583,56.13378552,57.04595954,49.6,8.3,91.4,41,0,2.004048583,Bottom Pair Player,-2.543258764,-3.353836223,-0.022954015
82,Erik Gustafsson,TOT,66,1.204460967,0.209387541,0.837550166,11.28624535,5.8,40.7,51.13159851,17.36666667,2.587360595,3.836431227,57.00575816,60.04187751,48.7,10.1,90.7,55.9,0.936802974,2.587360595,Two-Way Player,2.767293647,3.266997477,1.281332628
83,Erik Johnson,COL,59,0.966183575,0.177203144,0.767880289,9.806763285,3,48.8,49.07165862,17.21666667,5.555555556,4.685990338,60.36720429,60.30813658,50,9.3,92.2,47.3,1.54589372,1.304347826,Forward Playing Defense,-1.590128533,1.905950611,0.711171791
84,Erik Karlsson,SJS,56,0.699198835,0.233766234,1.285714286,10.70648216,5,49.4,44.86525856,18.33333333,3.23379461,1.136198106,59.66883117,53.47402597,52.7,8.5,87.8,51.9,2.272396213,2.971595047,Norris Candidate,3.648193336,8.225079158,4.111555227
85,Esa Lindell,DAL,69,0.445820433,0.094689497,0.520792235,7.46749226,3.1,48.8,47.08235294,18.36666667,4.718266254,3.306501548,52.45798154,61.21676004,46.1,9.3,92.4,44.9,1.151702786,2.303405573,Bottom Pair Player,-3.742356142,1.176391514,-0.637697097
86,Ethan Bear,EDM,71,1.269230769,0.177442608,0.665409782,6.961538462,5.1,54.7,52.02115385,19.05,4.076923077,2.269230769,56.78163469,58.9996673,49,9.5,90.4,52.1,1.692307692,3.230769231,Forward Playing Defense,-0.231493992,3.137933288,1.550331082
87,Filip Hronek,DET,65,1.777205409,0.407614465,0.662373505,9.92916935,7.2,48.6,45.49581455,18.11666667,2.858982614,4.05666452,50.08562734,56.19984431,47.1,8.4,87.9,45.1,0.695428203,2.936252415,Forward Playing Defense,-0.109930915,3.121023732,3.147689836
88,Greg Pateryn,MIN,20,1.165048544,0,0.675844806,10.29126214,0,41.5,51.71521036,13.31666667,5.825242718,4.854368932,45.281602,60.15018773,42.9,12.4,91.1,47.4,0.582524272,1.165048544,Bottom Pair Player,-3.662724112,-2.888277015,-3.523526528
89,Gustav Lindstrom,DET,16,3.169811321,0,0,5.660377358,0,36,50.95849057,14.06666667,3.396226415,4.301886792,48.51895735,61.58175355,44.1,1.8,93.3,49.7,0.679245283,1.58490566,Healthy Scratch,-2.306681784,-6.946256365,-7.895360646
90,Hampus Lindholm,ANA,55,1.607565012,0.05994006,0.659340659,11.20567376,1.8,46,47.3286052,18.2,3.356973995,1.607565012,60.41958042,56.7032967,51.6,7.1,90.5,47,0.945626478,2.505910165,Forward Playing Defense,0.761561688,3.057119879,-0.72207759
91,Haydn Fleury,CAR,45,0.780487805,0.415584416,0.935064935,14.63414634,6.2,43.3,56.34146341,12.83333333,4.390243902,4.682926829,57.97402597,50.7012987,53.3,7.6,91.7,50.1,1.658536585,2.536585366,Two-Way Player,4.554740182,2.263940199,1.862522388
92,Henri Jokiharju,BUF,69,1.616161616,0.163897109,0.546323697,7.626262626,5.1,51.7,55.46717172,15.91666667,3.181818182,3.737373737,49.93398589,50.04325063,49.9,8,91.3,47.5,0.353535354,1.515151515,Stay-at-Home Defender,0.820164593,-2.489500642,-0.696423863
93,Ian Cole,COL,65,1.87826087,0.246153846,1.353846154,9.965217391,4.3,48.2,50.86956522,15,6.365217391,4.330434783,60.98461538,57.6,51.4,9.9,92.7,38.2,0.939130435,1.930434783,Forward Playing Defense,-3.804547552,1.545065498,1.727323422
94,Ilya Lyubushkin,ARI,51,1.491712707,0,0.339366516,7.458563536,0,45.6,58.60773481,13.86666667,4.392265193,12.51381215,55.82579186,56.41968326,49.7,7.7,94,48.7,1.077348066,1.657458564,Healthy Scratch,-1.267632011,-6.295739064,-5.406123288
95,Ivan Provorov,PHI,69,0.840140023,0.274840631,0.595488033,9.626604434,8.7,54.5,45.85239207,18.98333333,3.885647608,2.940490082,56.15910219,50.89132343,52.5,9.9,90.6,45.8,0.560093349,2.345390898,Forward Playing Defense,0.320336266,3.599734967,4.020094841
96,Jaccob Slavin,CAR,68,0.376884422,0.274543698,1.189689359,11.04271357,4.1,49.5,49.41959799,19.28333333,4.032663317,1.620603015,62.00111851,50.33301134,55.2,10.4,91,52.8,3.052763819,1.846733668,Norris Candidate,4.521057776,7.726343153,4.678349003
97,Jack Johnson,PIT,67,1.196319018,0.104434098,0.417736391,6.625766871,4.8,43.8,52.87039877,17.15,4.463190184,8.420245399,50.33723511,57.4909708,46.7,8.3,91.9,46.1,0.690184049,1.058282209,Bottom Pair Player,-2.473834139,-3.440895713,-2.223621455
98,Jacob Larsson,ANA,60,0.743034056,0.136054422,0.612244898,7.73993808,3.4,46.4,54.6130031,14.7,3.529411765,2.105263158,47.41496599,63.80952381,42.6,9.8,92,46.5,0.371517028,1.919504644,Bottom Pair Player,-2.697719588,-1.941039882,-1.913842232
99,Jacob Trouba,NYR,70,2.316455696,0.140771637,0.656934307,12.64556962,4.2,50.5,48.55696203,18.26666667,4.860759494,6.569620253,54.8540146,66.77267987,45.1,7.8,91.2,45.3,1.632911392,2.620253165,Forward Playing Defense,-3.307596935,1.775314099,0.530753544
100,Jake Gardiner,CAR,68,1.58870256,0.179664626,0.598882087,10.5913504,4.6,43.5,53.05560459,14.73333333,2.224183583,2.277140335,61.98429598,49.52754858,55.6,6.1,89,55.9,1.694616064,2.065313327,Two-Way Player,6.984753418,2.226356487,-0.029596101
101,Jake McCabe,BUF,66,2.011447261,0.112464855,0.562324274,7.211774325,4,51,52.34668847,16.16666667,4.415372036,4.464431725,50.44048735,50.94657919,49.8,7.5,90.3,43.7,0.932134096,1.030253475,Stay-at-Home Defender,-1.077463924,-2.37573214,-1.104582863
102,Jake Muzzin,TOR,53,2.096069869,0.366499253,0.977331342,10.00873362,6.1,51.8,51.47248908,18.53333333,5.76419214,5.711790393,62.91570517,56.07438577,52.9,10.7,89.8,46.1,1.257641921,3.301310044,Forward Playing Defense,-1.014186322,4.027822574,3.62845799
103,Jakob Chychrun,ARI,63,1.61358811,0.362318841,0.569358178,13.12101911,8.1,48.2,49.22292994,18.4,4.033970276,3.184713376,58.85093168,58.74741201,50,8.3,91.5,49.6,1.146496815,2.208067941,Forward Playing Defense,1.348147612,3.762787883,3.483241168
104,Jamie Oleksiak,DAL,69,2.254812099,0.172952198,0.403555129,8.19431714,3.9,51,57.23648029,15.08333333,3.244729606,8.414298808,57.99663704,52.11626231,52.7,5.5,92.4,49.3,1.319890009,2.529789184,Stay-at-Home Defender,1.712364061,-2.896190831,-1.8532757
105,Jan Rutta,TBL,33,1.637426901,0.130804447,0.784826684,9.473684211,2.3,53.1,53.64912281,13.9,2.456140351,2.222222222,59.90843689,52.06017005,53.5,11.3,91.3,50.9,0.233918129,0.935672515,Two-Way Player,2.917649778,-0.302585975,0.504444009
106,Jared Spurgeon,MIN,62,0.771428571,0.500077172,0.555641303,10.02857143,10.7,47.9,46.27857143,17.41666667,4.371428571,2.614285714,61.28723568,55.89751505,52.3,9.7,90.2,49.2,0.428571429,0.985714286,Norris Candidate,1.577537364,3.684464957,5.261856837
107,Jarred Tinordi,NSH,28,4.387096774,0.14159849,0.424795469,6.709677419,5,38.5,54.67526882,15.13333333,4.64516129,9.161290323,48.85147892,63.01132788,43.7,9,92.3,44.5,0.129032258,2.322580645,Healthy Scratch,-5.336899909,-6.163558161,-3.42477614
108,Jason Demers,ARI,50,1.463414634,0,0.671641791,6.204878049,0,50,52.29268293,17.86666667,4.097560976,4.448780488,53.46268657,61.18656716,46.6,8.5,93,45.7,0.87804878,1.873170732,Bottom Pair Player,-3.610674304,-1.657185086,-2.859273979
109,Jay Bouwmeester,STL,56,0.993377483,0.057707104,0.403949731,5.016556291,1.9,52.5,51.64238411,18.56666667,3.377483444,2.086092715,44.37676327,53.66760708,45.3,9,93.2,41.6,0.546357616,1.589403974,Bottom Pair Player,-3.549849995,-2.552343114,-2.038611276
110,Jeff Petry,MTL,71,0.929124479,0.311615081,0.890328803,13.11494937,7,43.1,48.16497915,18.98333333,2.823108993,6.325193568,66.73014381,50.30357739,57,7.1,89,52.2,1.072066706,3.144729005,Norris Candidate,5.558996548,6.09212231,3.13515433
111,Jeremy Lauzon,BOS,19,5.938566553,0.241367751,0.241367751,6.757679181,5,60.6,50.90443686,13.08333333,4.709897611,6.552901024,53.10090513,59.61783439,47.1,7.3,94.5,55.6,0.614334471,1.228668942,Bottom Pair Player,-2.58560998,-6.521435961,-0.364579809
112,Joakim Ryan,LAK,35,0.895522388,0.098522167,0.39408867,8.865671642,1.9,54.5,54.53731343,17.4,4.119402985,2.149253731,53.69458128,48.86699507,52.4,4.2,91.9,53.6,0.537313433,2.507462687,Stay-at-Home Defender,2.16564282,-1.132033042,-2.691573347
113,Joel Edmundson,CAR,68,3.442231076,0.397626862,0.738449886,8.557768924,7.2,54.2,50.49880478,15.53333333,4.35059761,5.641434263,53.73643019,52.03231507,50.8,9.2,91.8,44.6,1.099601594,2.151394422,Forward Playing Defense,-1.03255983,-0.448700198,3.124933268
114,Joel Persson,EDM,13,0.603015075,0,0.616755182,9.949748744,0,51.5,58.66331658,14.96666667,3.015075377,1.809045226,51.49905774,56.43309919,47.7,9.3,92.2,55,0.603015075,2.412060302,Stay-at-Home Defender,1.817039719,-1.336588136,-3.109392692
115,John Carlson,WSH,69,0.917647059,0.597060625,1.653398653,13.02352941,7.9,51.2,46.10823529,18.93333333,3.811764706,1.941176471,62.82914881,57.31781996,52.3,12.3,90.1,51.4,1.482352941,2.823529412,Norris Candidate,2.736713192,10,8.924778174
116,John Klingberg,DAL,58,1.026438569,0.21607995,0.594219861,13.437014,5,41.7,51.82115086,19.15,3.359253499,1.353032659,61.09660574,58.50364635,51.1,7.2,91.8,54.9,1.119751166,3.312597201,Two-Way Player,3.380290769,4.630176171,0.628853118
117,John Marino,PIT,56,1.058201058,0.307293089,1.044796504,8.306878307,9.8,38.9,51.65432099,17.43333333,4.074074074,3.80952381,50.51898388,49.35127014,50.6,11.3,91.9,47.9,1.957671958,2.222222222,Forward Playing Defense,1.414584848,3.071890011,3.487022704
118,John Moore,BOS,24,1.662468514,0.346420323,0.173210162,10.27707809,6.1,48.5,52.35264484,14.43333333,4.080604534,5.440806045,56.12009238,54.56120092,50.7,7.7,91.2,56.6,0.302267003,1.057934509,Stay-at-Home Defender,2.764221433,-1.980739401,0.145120415
119,Johnny Boychuk,NYI,64,0.759493671,0.062919463,0.566275168,11.50090416,2.1,45.3,51.7323689,14.9,6.943942134,7.323688969,54.67701342,66.56879195,45.1,7,92.3,53.6,0.325497288,2.712477396,Bottom Pair Player,-3.564008706,-1.770814139,-3.833209011
120,Jonas Brodin,MIN,69,0.968392737,0.092098699,1.05913504,7.827841291,1.9,53.1,52.5736382,18.88333333,4.519166106,1.654337592,52.03576499,54.75267662,48.7,10.6,91.1,47.1,0.564895763,0.645595158,Forward Playing Defense,-1.334859689,0.673195723,0.38488675
121,Jonas Siegenthaler,WSH,64,2.562065541,0.151617251,0.530660377,6.554121152,4.1,44.5,47.15789474,12.36666667,6.256206554,3.038728898,57.23551213,55.87095687,50.6,8.1,93.3,46.6,0.774577954,1.906653426,Bottom Pair Player,-3.198150939,-2.339308569,-1.750312344
122,Jonathan Ericsson,DET,18,0.9375,0,0,7.265625,0,51.6,52.171875,12.36666667,3.28125,5.625,48.51752022,65.76819407,42.5,2.8,89,47.2,0.234375,4.6875,Healthy Scratch,-3.248005347,-4.242684093,-7.066731544
123,Jonathon Merrill,VEG,49,2.157303371,0.14782573,0.29565146,6.539325843,5.4,38.1,54.7258427,16.56666667,4.786516854,3.438202247,55.36073584,49.89118384,52.6,8.8,92.1,54.4,0.943820225,1.820224719,Stay-at-Home Defender,1.574815402,-1.937281371,-2.027550053
124,Jordan Oesterle,ARI,58,0.85106383,0.206666922,0.551111791,9.665653495,4.3,43.4,52.94630193,15.01666667,5.349544073,2.917933131,57.24673734,63.51563397,47.4,5.5,92.9,49.5,0.668693009,2.249240122,Bottom Pair Player,-1.545399399,-0.653844093,-2.134518346
125,Jordie Benn,VAN,44,1.422594142,0.099656738,0.597940427,9.623430962,1.7,50.4,50.38214784,13.68333333,5.188284519,3.765690377,50.32665264,65.87310375,43.3,8.5,92.3,45.6,0.585774059,1.422594142,Bottom Pair Player,-4.387856904,-2.361348166,-2.244714592
126,Josh Brown,FLA,56,3.115845539,0.251771727,0.419619545,7.749667111,6.3,49.5,57.11850866,12.76666667,4.234354194,6.151797603,53.45953003,57.99142111,48,9,92.4,54,0.798934754,1.917443409,Stay-at-Home Defender,0.05021327,-4.074881618,-0.716043686
127,Josh Mahura,ANA,11,0.670391061,0.375743659,1.127230978,8.379888268,9.1,44,53.52513966,14.51666667,3.687150838,0.670391061,60.49472915,64.6279094,48.3,9.4,89,58.4,0.670391061,1.675977654,Two-Way Player,2.747669982,3.344861106,2.999324161
128,Josh Manson,ANA,50,2.151162791,0.06805293,0.47637051,8.023255814,1.6,46.4,51.25968992,17.63333333,3.779069767,6.569767442,58.59357278,58.66162571,50,6.4,91.1,48.3,1.220930233,2.38372093,Stay-at-Home Defender,-0.751754981,-0.73108062,-2.481407943
129,Josh Morrissey,WPG,65,0.972972973,0.184308204,0.691155766,10.45945946,4.2,46.5,52.79054054,20.03333333,2.391891892,1.378378378,55.52284654,58.56393191,48.7,10,91.4,52.4,0.891891892,1.864864865,Two-Way Player,2.06549498,3.063873741,1.263228631
130,Justin Braun,PHI,62,1.008403361,0.190375463,0.951877314,8.235294118,4.3,47.6,52.96918768,15.25,4.705882353,5.098039216,52.41671074,51.97250132,50.2,8.4,90,51.8,0.56022409,1.736694678,Stay-at-Home Defender,0.809703268,-0.557300551,-0.440661444
131,Justin Faulk,STL,69,1.353065539,0.192523664,0.385047329,11.0782241,3.4,56.1,52.71035941,18.06666667,3.213530655,3.467230444,54.1472806,54.05101877,50,7.9,91.6,49.7,1.014799154,1.649048626,Two-Way Player,1.59551015,0.497001601,0.597235446
132,Justin Holl,TOR,68,2.049245433,0.107713482,0.861707857,8.816521048,2.2,48.1,53.0929309,16.38333333,3.955520254,4.241461477,58.54227754,55.63401352,51.3,9,91.7,43.2,1.000794281,2.811755361,Forward Playing Defense,-1.220536635,0.501931418,-0.779298294
133,Justin Schultz,PIT,46,0.393873085,0.231541034,0.231541034,11.68490153,3.5,48.3,51.03282276,16.9,3.282275711,2.363238512,55.49266787,54.64368408,50.4,7.3,89.1,56.4,0.393873085,1.181619256,Two-Way Player,4.044880756,0.933777299,-0.4358496
134,Juuso Riikola,PIT,36,0.72,0.131752306,0.527009223,9.96,2.6,45.8,54.648,12.65,2.88,8.88,54.54545455,49.01185771,52.7,6,93.9,56.4,0.96,1.92,Stay-at-Home Defender,4.119195648,-3.178572419,-2.82737193
135,Keith Yandle,FLA,69,0.883002208,0.16563147,1.15942029,12.00883002,3.9,47.4,47.98013245,15.75,2.251655629,0.794701987,58.85438233,60.28985507,49.4,9.2,91.7,58.1,1.103752759,2.913907285,Norris Candidate,3.472886073,5.088229552,1.902835366
136,Kevin Shattenkirk,TBL,70,1.723356009,0.356435644,1.018387553,11.15646259,6.1,53.3,53.43915344,16.83333333,2.993197279,2.811791383,59.9321075,51.63224894,53.7,9.8,93.7,53.2,1.451247166,1.541950113,Norris Candidate,3.919187806,2.972941188,4.200418019
137,Korbinian Holzer,TOT,49,2.824427481,0.086434574,0.172869148,5.72519084,2.6,52,52.98982188,14.16666667,7.328244275,7.404580153,44.51380552,63.96158463,41,6.8,93.7,44.5,0.152671756,2.13740458,Healthy Scratch,-8.569955247,-7.70242301,-5.000654941
138,Kris Letang,PIT,61,1.453154876,0.442992111,0.984426913,13.00191205,8.5,52.1,46.61504143,19.98333333,3.479923518,3.862332696,59.85315632,55.81700597,51.7,9.5,89.5,50.8,1.185468451,3.059273423,Norris Candidate,2.441964508,6.991853978,6.124419469
139,Kris Russell,EDM,55,0.91007584,0,0.606060606,5.330444204,0,54.9,51.48429036,14.4,6.565547129,4.615384615,42.8030303,56.36363636,43.2,6.6,93.7,43.5,2.015167931,2.47020585,Bottom Pair Player,-5.832330837,-3.55663452,-3.98657953
140,Kurtis MacDermid,LAK,45,4.570502431,0.319148936,0.425531915,10.50243112,5.9,47.2,54.84602917,12.53333333,4.181523501,9.238249595,57.76595745,55.74468085,50.9,5.1,90.6,57.8,0.486223663,2.528363047,Stay-at-Home Defender,2.252422682,-4.10195264,-1.299020429
141,Kyle Capobianco,ARI,9,0.902255639,0.483675937,0,8.571428571,10,52.6,55.96240602,13.78333333,4.511278195,6.315789474,54.65538089,56.59008464,49.1,6.9,91.8,44.6,0.45112782,1.804511278,Stay-at-Home Defender,-0.402903029,-2.911838791,1.213378966
142,Lawrence Pilut,BUF,13,1.137440758,0,0,4.834123223,0,35.3,54.34123223,14.7,5.402843602,2.843601896,34.22291994,46.78178964,42.2,5.2,91.7,46.2,0.568720379,1.137440758,Healthy Scratch,-2.451927215,-7.77485283,-8.147387918
143,Libor Hajek,NYR,28,1.607142857,0,0.718276137,6.428571429,0,47.9,55.9375,14.91666667,5.892857143,3.214285714,43.67118915,70.67837191,38.2,9.7,91.5,42.7,1.071428571,2.276785714,Bottom Pair Player,-7.796318065,-3.544004007,-4.3938001
144,Luca Sbisa,WPG,44,2.813688213,0.171526587,0.686106346,7.52851711,4.1,49.5,53.20152091,15.9,5.399239544,6.920152091,49.91423671,58.57632933,46,9.3,91.5,50.4,0.30418251,1.977186312,Bottom Pair Player,-3.13524111,-3.248951387,-1.299516011
145,Luke Schenn,TBL,25,4.437299035,0.223950233,0.447900467,10.80385852,3.2,55.4,51.68810289,10.71666667,4.051446945,16.01286174,55.31570762,61.36236392,47.4,7.5,87.7,50,0.964630225,1.92926045,Stay-at-Home Defender,-1.068093389,-5.412923471,-1.336723649
146,MacKenzie Weegar,FLA,45,2.187845304,0.52532833,0.825515947,8.751381215,9.1,58.3,53.00552486,17.76666667,4.70718232,5.038674033,53.73358349,50.20637899,51.7,10.3,89.9,46.4,1.657458564,2.519337017,Forward Playing Defense,0.569958508,2.583441525,5.714780736
147,Madison Bowey,DET,53,2.149631191,0.216550037,0.938383494,8.408851423,4.3,52.6,52.55321391,15.68333333,3.667017914,3.35089568,45.61987448,57.38575983,44.3,9.6,88.6,50.4,0.885142255,2.845100105,Forward Playing Defense,-0.790188668,0.221397415,0.588676952
148,Marc Staal,NYR,52,1.046892039,0.155749762,0.700873929,5.692475463,4.3,52.9,50.41221374,14.81666667,4.972737186,4.514721919,50.93017219,66.73877304,43.3,8.8,93.4,47.1,1.243184297,2.224645583,Bottom Pair Player,-5.013756731,-1.351475155,-0.673836983
149,Marc-Edouard Vlasic,SJS,70,0.422237861,0.206126539,0.515316347,8.444757213,6.8,37,49.16256158,16.63333333,4.095707248,1.562280084,55.03578586,56.89092471,49.2,8.6,89.9,47.8,0.760028149,1.688951443,Forward Playing Defense,0.475981103,1.645804802,-0.129931423
150,Marco Scandella,TOT,62,1.100917431,0.249739854,0.561914672,9.412844037,5.2,45,52.89908257,15.5,3.302752294,4.293577982,54.13111342,50.44745057,51.8,10.1,92.5,50.2,0.990825688,2.697247706,Two-Way Player,2.021208532,0.519103844,0.519455081
151,Marcus Pettersson,PIT,69,1.568334578,0.101210307,0.910892759,8.648244959,2.5,40.9,53.12845407,17.18333333,3.764002987,4.749813294,55.66566862,51.00999452,52.2,9.7,90.8,52.9,0.761762509,1.702763256,Two-Way Player,2.028712316,0.272870083,-1.137174797
152,Mario Ferraro,SJS,61,1.857585139,0.137567351,0.550269403,8.854489164,3.2,44.1,54.0123839,14.3,3.591331269,7.430340557,52.13802591,54.13275249,49.1,7.9,88.3,47.2,0.92879257,1.238390093,Stay-at-Home Defender,0.864338552,-2.565775684,-2.094406889
153,Mark Barberio,COL,21,3.243243243,0,0.447594181,9.324324324,0,63,54.34459459,12.76666667,3.851351351,2.635135135,59.97762029,59.7538232,50.1,8.7,93.5,35.7,1.216216216,2.635135135,Bottom Pair Player,-3.96406686,-2.481825818,-1.713797174
154,Mark Borowiecki,OTT,53,3.659305994,0.440115734,0.806878846,7.38170347,11.1,53.8,51.60672976,15.43333333,7.570977918,12.55520505,50.76001467,64.11019194,44.2,9.6,90.7,38.5,0.630914826,1.892744479,Bottom Pair Player,-8.143575819,-3.485117943,2.890921103
155,Mark Giordano,CGY,60,1.423586881,0.164684355,0.823421775,14.61270063,3.2,45,45.76413119,18.21666667,6.196789951,1.7585485,60.93321134,55.22415371,52.5,8.7,91.3,49,1.507327285,2.135380321,Forward Playing Defense,0.437962699,5.006012487,1.422537963
156,Mark Pysyk,FLA,58,1.621621622,0.770511296,0.770511296,8.513513514,14.1,61.9,56.82432432,12.08333333,3.081081081,3.810810811,49.39833532,61.64090369,44.5,9.8,92,33.4,2.108108108,1.216216216,Forward Playing Defense,-1.942370776,0.287552196,8.148175562
157,Markus Nutivaara,CBJ,37,0.407470289,0.317273796,0.528789659,9.066213922,6.4,52.8,57.79286927,15.33333333,3.361629881,3.565365025,55.20564042,56.58049354,49.4,6.3,93.7,57.8,0.611205433,1.324278438,Two-Way Player,3.194174622,-1.354997149,0.297106951
158,Martin Marincin,TOR,26,2.126582278,0.170940171,0.512820513,10.78481013,3.6,39.4,53.3164557,13.5,6.53164557,3.341772152,60.34188034,57.43589744,51.2,8.9,89.5,44.5,1.367088608,3.341772152,Forward Playing Defense,-1.384875607,0.600588908,-1.89112633
159,Mathew Dumba,MIN,69,1.585051546,0.235017626,0.470035253,14.34278351,3.6,45,49.3492268,18.5,3.402061856,3.788659794,55.93419506,58.28437133,49,8.9,89.8,50.8,0.773195876,1.353092784,Two-Way Player,2.083705993,2.414295681,0.946207837
160,Matt Benning,EDM,43,1.58172232,0.112983712,0.790885981,8.541300527,2.6,46.9,55.99824253,12.35,3.585237258,8.224956063,48.58299595,52.53742585,48,10,93.2,47.4,1.265377856,2.003514938,Stay-at-Home Defender,-0.253944443,-3.566935915,-1.916219555
161,Matt Grzelcyk,BOS,68,1.661237785,0.173199051,0.577330169,10.21172638,3.6,53.6,50.77850163,15.28333333,3.273615635,2.736156352,55.59689525,51.90198217,51.7,8.2,94.2,54.4,1.074918567,1.905537459,Two-Way Player,2.381530707,0.11019206,0.482545552
162,Matt Irwin,TOT,36,1.727447217,0,0.376411543,14.39539347,0,46.4,55.07101727,13.28333333,6.218809981,9.213051823,57.84190715,59.34755332,49.4,5.6,89,48.5,0.921305182,1.497120921,Stay-at-Home Defender,-0.325346728,-3.10700972,-4.775314722
163,Matt Niskanen,PHI,68,1.167785235,0.154197601,0.822387207,9.342281879,6.3,54.3,47.00671141,17.16666667,3.382550336,4.993288591,55.9737293,50.01142204,52.8,9.6,90.1,44.2,0.563758389,2.255033557,Forward Playing Defense,0.259415244,2.078999202,2.345115504
164,Matt Roy,LAK,70,0.47318612,0.205920206,0.669240669,11.4511041,3.6,46.3,55.14984227,16.65,4.731861199,6.246056782,63.26898327,49.47232947,56.1,8.8,92.1,54.2,0.331230284,2.034700315,Two-Way Player,3.419448471,0.712898214,-0.354649347
165,Matt Tennyson,NJD,20,1.481481481,0,0.744827586,6.419753086,0,53.8,59.67078189,12.08333333,4.444444444,6.666666667,48.91034483,57.6,45.9,14.8,86.2,53.2,0.49382716,1.975308642,Stay-at-Home Defender,-0.814980208,-3.552696858,-2.756780921
166,Mattias Ekholm,NSH,68,1.208307111,0.324792494,0.881579626,11.21460038,5.2,51.9,48.82819383,19.01666667,3.775959723,1.850220264,58.23065422,57.30267567,50.4,8.9,90,48.7,1.925739459,1.887979862,Norris Candidate,1.607228952,5.286333279,3.854251616
167,Michael Del Zotto,ANA,49,0.916030534,0.150861166,0.905166995,8.178844057,3.5,45.6,52.04580153,16.23333333,3.598691385,6.608505998,54.3100197,62.90910615,46.3,11.6,92,51.8,0.588876772,2.159214831,Forward Playing Defense,-1.385635993,0.133754444,-0.181972996
168,Michael Stone,CGY,33,1.781076067,0.245423867,0.613559669,12.24489796,3.5,51.8,54.42857143,14.81666667,6.011131725,5.788497217,54.48409858,65.40546068,45.4,7.7,91.5,53.1,0.667903525,1.001855288,Bottom Pair Player,-1.556971127,-1.768672984,-0.71488579
169,Michal Kempny,WSH,58,1.221091582,0.183274504,0.916372522,9.435707678,4.1,42.9,54.51248844,16.93333333,3.996299722,2.331174838,57.60928591,57.54819441,50,12.1,91.9,50.2,0.721554117,1.942645698,Forward Playing Defense,0.461322795,1.693539192,0.689662776
170,Mike Green,TOT,50,1.83908046,0.130553037,0.326382593,9.540229885,3.9,45.8,52.8256705,18.38333333,3.793103448,3.505747126,47.58658205,52.74342702,47.4,5.4,88.2,47.4,0.689655172,2.356321839,Stay-at-Home Defender,0.424538159,-0.956197894,-2.292959225
171,Mike Matheson,FLA,59,0.789473684,0.438520168,0.689103122,12.18045113,7.7,48.1,54.0093985,16.23333333,2.988721805,2.481203008,57.5087878,58.19789093,49.7,9.7,89.8,46.6,2.312030075,3.045112782,Norris Candidate,2.831850887,5.056333586,4.151945533
172,Mike Reilly,TOT,44,1.815889029,0,0.51566081,14.37578815,1.2,44.7,52.8221942,15.86666667,3.480453972,2.950819672,66.52024446,61.2776929,52.1,7.6,90.4,52.8,0.680958386,2.950819672,Two-Way Player,2.566791821,2.178073379,-2.178458439
173,Mikhail Sergachev,TBL,70,2.440392707,0.20148314,0.805932559,11.52875175,8.5,43.1,50.11921459,17.01666667,4.165497896,4.46002805,59.28641388,52.68784105,52.9,9.4,92.1,54.7,0.757363254,1.640953717,Two-Way Player,2.640868635,1.693048224,2.200393295
174,Mirco Mueller,NJD,50,1.56462585,0.158940397,0.317880795,4.965986395,6.9,39.7,51.36054422,15.1,6.19047619,4.285714286,49.19205298,64.52980132,43.3,7.6,90.9,42.5,0.612244898,1.836734694,Bottom Pair Player,-5.963984234,-3.418202324,-2.761121513
175,Miro Heiskanen,DAL,68,0.445544554,0.367009889,0.917524722,12.36386139,4.9,48.9,48.55940594,19.23333333,3.118811881,1.485148515,57.2994189,55.83137935,50.6,8.7,93.5,51.5,1.559405941,2.933168317,Norris Candidate,2.419238955,5.876170918,3.63390764
176,Morgan Rielly,TOR,47,1.266490765,0.196567352,1.113881659,13.77308707,2.4,47.1,48.32277924,19.48333333,3.535620053,2.005277045,66.04663014,62.24632801,51.5,9.9,90.8,50,0.897097625,2.216358839,Norris Candidate,1.409908936,6.256079444,2.479058244
177,Nate Schmidt,VEG,59,0.562939797,0.321141838,0.963425513,10.55512119,6.3,49.8,52.58795934,19,4.268960125,1.172791243,61.44513827,54.64763604,52.9,9,91.8,49.7,1.548084441,1.829554339,Norris Candidate,2.294928383,4.860965922,3.567779654
178,Nathan Beaulieu,WPG,38,2.693498452,0.108023765,0.756166357,6.965944272,2.6,50.7,51.58823529,14.61666667,4.365325077,5.758513932,49.79895577,60.06121347,45.3,9.6,95.6,51.8,0.557275542,2.13622291,Bottom Pair Player,-3.370781391,-3.541368203,-1.649826888
179,Neal Pionk,WPG,71,1.156626506,0.129899809,0.736098916,12.28915663,3.4,52.1,50.08493976,19.51666667,2.819277108,5.963855422,57.84871483,54.34142,51.6,8.7,91.6,55.3,1.120481928,2.240963855,Two-Way Player,3.087194404,2.944543017,1.297484826
180,Nick Holden,VEG,61,0.67826087,0.291582972,0.40821616,10.64347826,5.9,49.5,53.68,16.86666667,3.860869565,6.730434783,61.11579084,47.23644139,56.4,6.9,89.8,54.9,1.356521739,1.826086957,Two-Way Player,5.39811572,1.353420313,1.088150185
181,Nick Jensen,WSH,68,0.643564356,0,0.402813299,7.326732673,0,41.2,51.61716172,15.33333333,3.514851485,2.920792079,55.18542199,53.28644501,50.9,7.7,91.9,49.1,1.287128713,2.376237624,Stay-at-Home Defender,0.771569727,-0.740044249,-3.981884982
182,Nick Leddy,NYI,60,0.662983425,0.106856634,0.801424755,8.524072612,4.2,40,53.18074191,18.71666667,3.409629045,2.936069455,54.12288513,65.28940338,45.3,9.7,92,49.8,0.805051302,2.462509866,Forward Playing Defense,-1.422472772,1.595165492,-0.942963012
183,Nick Seeler,TOT,12,6.293706294,0,0.445103858,7.132867133,0,29.4,56.55944056,11.23333333,8.811188811,7.972027972,46.73590504,74.33234421,38.6,4.1,89.7,56.6,0.41958042,2.937062937,Healthy Scratch,-7.808062255,-9.493906017,-10
184,Nicolas Hague,VEG,38,3.142389525,0,0.733581742,13.35515548,1.9,39.7,56.22258592,15.06666667,2.553191489,6.775777414,59.73451327,46.21564974,56.4,10.5,87.4,64,1.276595745,0.981996727,Two-Way Player,8.639890536,0.058319594,-1.332937388
185,Nikita Zadorov,COL,64,3.430079156,0.240384615,0.540865385,8.548812665,6.2,40.1,52.68601583,15.6,3.482849604,9.234828496,57.63221154,58.17307692,49.8,9,92.5,45.7,1.213720317,1.846965699,Stay-at-Home Defender,-0.846800732,-2.128552527,-0.119244372
186,Nikita Zaitsev,OTT,58,1.027237354,0.055123415,0.606357567,7.704280156,1.6,38.8,50.8233463,18.76666667,5.649805447,5.042801556,54.35168739,66.91982606,44.8,6.9,92.1,43.9,0.93385214,2.054474708,Bottom Pair Player,-5.159709659,-0.673021271,-3.632007208
187,Niklas Hjalmarsson,ARI,27,1.656804734,0.139762404,0.419287212,4.615384615,5.6,46.2,50.80473373,15.9,5.325443787,2.366863905,54.64709993,66.38714186,45.2,5.6,93.8,46.1,1.301775148,2.366863905,Bottom Pair Player,-4.830655892,-1.731103608,-2.12746864
188,Noah Dobson,NYI,34,1.064301552,0.146651458,0.733257292,10.50997783,2.7,46.8,54.43015521,12.03333333,4.124168514,3.32594235,59.83379501,59.68714356,50.1,7.6,91.6,59.4,1.064301552,3.192904656,Two-Way Player,2.720815502,0.419150794,-1.804433075
189,Noah Hanifin,CGY,70,0.48582996,0.191540303,0.622505986,10.89068826,3.8,49.1,50.72874494,17.9,3.603238866,3.319838057,60.47885076,58.56344773,50.8,8,90.9,48.6,1.538461538,2.550607287,Forward Playing Defense,1.305333393,3.550248386,0.878878518
190,Oliver Ekman-Larsson,ARI,66,1.500987492,0.30472321,0.812595226,10.7044108,6.7,49.8,46.66491113,17.9,2.567478604,5.095457538,56.47536821,61.55408837,47.8,7.9,92.7,48.1,0.750493746,1.777485188,Forward Playing Defense,-0.115437009,2.301342984,2.851495205
191,Oliver Kylington,CGY,48,1.458966565,0.188916877,0.472292191,8.753799392,5.4,38.5,57.92097264,13.23333333,3.100303951,3.282674772,54.69143577,59.31989924,48,6.2,92.3,54,0.729483283,2.6443769,Stay-at-Home Defender,2.026763073,-2.17635723,-2.866483006
192,Olli Maatta,CHI,65,1.002506266,0.227920228,0.626780627,8.471177945,5,47.3,52.78195489,16.2,5.513784461,5.964912281,54.47293447,56.75213675,49,9.2,90.9,46,1.102756892,2.857142857,Forward Playing Defense,-1.95375031,0.189115561,-0.209429087
193,Oscar Fantenberg,VAN,36,0.628272251,0.11627907,0.465116279,10.2617801,2.2,45.9,54.03141361,14.33333333,6.492146597,7.015706806,48.95348837,63.60465116,43.5,6.2,92.5,33.9,0.732984293,1.151832461,Bottom Pair Player,-6.598883349,-4.224880526,-3.855579991
194,Oscar Klefbom,EDM,62,0.913705584,0.153745409,0.666230106,11.95431472,3.1,50.6,44.57233503,18.88333333,6.852791878,1.71319797,53.45215386,61.08817584,46.7,9.4,90,51.9,1.370558376,2.208121827,Forward Playing Defense,-2.322928614,3.991961702,0.965451177
195,P.K. Subban,NJD,68,3.151595745,0.246697001,0.345375802,11.64893617,4.6,51.7,48.51329787,17.88333333,3.590425532,3.510638298,55.16144948,61.62491091,47.2,6.5,91.1,48.2,0.757978723,2.593085106,Forward Playing Defense,-0.981620215,0.650298215,0.514361315
196,Patrik Nemeth,DET,64,1.191489362,0.051322993,0.359260949,7.319148936,1.1,51.7,49.74751773,18.26666667,3.914893617,3.404255319,50.6557938,53.78649635,48.5,6.8,91.7,39.7,0.425531915,2.29787234,Bottom Pair Player,-3.166001362,-1.517467726,-2.661934097
197,Philippe Myers,PHI,50,2.105263158,0.291497976,0.874493927,12.49122807,5.1,43.8,57.77777778,16.46666667,3.087719298,5.614035088,54.51012146,51.5951417,51.4,12.2,92.2,52.3,1.473684211,2.245614035,Two-Way Player,3.539000691,1.379490404,2.041458355
198,Quinn Hughes,VAN,68,0.887096774,0.248084238,1.141187497,12.58064516,6.3,40.4,48.76075269,17.78333333,1.85483871,0.282258065,60.7806384,53.83427973,53,9.7,88.7,59.1,1.411290323,2.419354839,Norris Candidate,6.949514344,7.225139286,3.512133818
199,Radim Simek,SJS,48,1.018181818,0.165380375,0.578831312,6.327272727,5,46,52.77090909,15.11666667,4.363636364,6.618181818,53.91400221,62.43109151,46.3,7.2,90.9,46.5,1.454545455,2.618181818,Bottom Pair Player,-2.330284168,-1.091795325,-1.541097547
200,Radko Gudas,WSH,63,2.277039848,0.138026225,0.897170462,10.75901328,2.2,47.6,49.4914611,13.8,4.269449715,9.335863378,57.48792271,54.58937198,51.3,11,90.6,48.1,1.309297913,1.935483871,Forward Playing Defense,0.01457966,-0.170902404,0.132135699
201,Rasmus Andersson,CGY,70,2.449856734,0.246778174,0.641623252,9.369627507,4,56.9,52.24928367,17.36666667,3.567335244,2.191977077,59.37482863,55.03153277,51.9,7.9,91.1,54.6,0.816618911,1.676217765,Two-Way Player,2.165025971,0.992630216,1.517448084
202,Rasmus Dahlin,BUF,59,2.003514938,0.128592095,1.221624904,11.54657293,4.4,41.1,49.20123023,15.81666667,2.688927944,3.796133568,57.1591863,53.30142344,51.7,8.3,91.3,58.9,0.843585237,2.214411248,Two-Way Player,4.327079278,2.592313255,0.651220676
203,Rasmus Ristolainen,BUF,69,1.754609027,0.191463901,0.90945353,8.162746345,4.7,59.8,47.81309599,18.16666667,3.12778131,7.743165925,48.82329477,55.76386119,46.7,11.1,90.5,47.6,0.648442467,0.915448188,Forward Playing Defense,-1.532318593,-0.104028511,2.715674643
204,Rasmus Sandin,TOR,28,1.496259352,0.161117078,0.805585392,7.182044888,4.5,45.8,55.72069825,13.3,3.291770574,4.93765586,57.67991407,47.69065521,54.7,8.2,88.3,56.1,0.29925187,2.244389027,Two-Way Player,4.376460378,-1.187139896,-1.299462553
205,Riley Stillman,FLA,34,1.292307692,0,0.529941706,7.661538462,0,47,52.25538462,16.65,5.261538462,5.446153846,51.40434552,57.12771595,47.4,8.6,90.9,47.1,1.2,2.584615385,Bottom Pair Player,-2.735635168,-1.454211619,-3.597747808
206,Robert Bortuzzo,STL,42,2.286751361,0.270819228,0.541638456,7.078039927,5.6,55.4,48.25045372,10.55,4.682395644,7.186932849,51.32024374,47.66418416,51.8,10.3,94.5,57.3,0.217785844,1.08892922,Stay-at-Home Defender,0.747987894,-4.467601547,0.613527441
207,Robert Hagg,PHI,49,2.356020942,0.170265093,0.851325466,7.696335079,7.9,38.8,55.34947644,14.38333333,6.204188482,10.68062827,46.73776811,57.80499917,44.7,10.5,94.6,48.8,0.471204188,2.434554974,Bottom Pair Player,-4.338804673,-4.634960298,-1.546986906
208,Roman Josi,NSH,69,1.382799325,0.515297907,1.288244767,16.25632378,6.2,53.9,47.12478921,20.25,3.642495784,1.753794266,66.64519592,60.1180891,52.6,9.9,92.1,50,1.146711636,2.293423272,Norris Candidate,2.664392095,8.864841924,7.444152203
209,Roman Polak,DAL,41,2.108345534,0,0.425720621,6.412884334,0,46.6,49.52415813,13.75,8.257686676,9.136163982,48.31929047,62.58093126,43.6,5.3,92.6,41.3,0.351390922,1.932650073,Healthy Scratch,-8.912749776,-6.755166452,-6.467498325
210,Ron Hainsey,OTT,64,0.543806647,0.055255403,0.442043222,4.939577039,2.3,39.4,49.20845921,16.96666667,4.622356495,2.311178248,53.04518664,59.23379175,47.2,9.3,92.3,48,0.407854985,2.53776435,Bottom Pair Player,-3.102124371,-0.808668627,-3.294446215
211,Ryan Ellis,NSH,49,0.989583333,0.394643086,1.512798495,11.92708333,7,49.8,47.51128472,18.61666667,5,2.5,67.08932454,59.52533207,53,12.4,90.5,50.4,1.25,1.875,Norris Candidate,1.13073143,7.89703703,6.595262011
212,Ryan Graves,COL,69,2.065799541,0.496369152,0.827281919,12.02754399,6.7,51.1,49.94185157,15.76666667,6.88599847,5.141545524,58.13034286,56.53093115,50.7,12.1,93.3,49.6,0.872226473,1.836266259,Forward Playing Defense,-1.528599535,1.819084518,4.244656476
213,Ryan Lindgren,NYR,60,2.837022133,0.069767442,0.906976744,5.55331992,2.1,51.1,51.91146881,14.33333333,4.225352113,5.674044266,49.25581395,56.23255814,46.7,12.3,91.9,51.8,1.690140845,1.509054326,Bottom Pair Player,-1.7757295,-2.086952567,-0.425868545
214,Ryan McDonagh,TBL,50,1.101449275,0.070038911,0.700389105,7.768115942,2,37.3,49.66183575,17.13333333,5.855072464,2.086956522,54.07003891,55.82101167,49.2,10,92.3,45,1.449275362,1.855072464,Bottom Pair Player,-2.531512845,0.750327746,-1.967591435
215,Ryan Murray,CBJ,27,0.445269017,0.265076209,0.662690524,7.124304267,6.3,50,50.39332096,16.76666667,5.565862709,1.33580705,53.4128562,58.84691849,47.6,6.6,90.3,49,0.667903525,1.669758813,Forward Playing Defense,-1.547049892,0.704581833,0.324115845
216,Ryan Pulock,NYI,68,0.551181102,0.328827183,0.939506237,12.4015748,6.1,51.7,50.28608924,18.78333333,5.472440945,4.330708661,51.67284305,63.55759695,44.8,10.8,90.7,43.7,0.590551181,2.519685039,Forward Playing Defense,-3.464143838,3.271064881,2.945482441
217,Ryan Suter,MIN,69,0.423529412,0.272685957,1.090743827,8.929411765,7.2,43.9,46.59529412,19.13333333,3.282352941,1.694117647,58.85471898,58.49113771,50.2,10.4,89.9,49.5,0.670588235,0.952941176,Norris Candidate,1.138434317,4.812939403,3.657682688
218,Sami Niku,WPG,17,2.618181818,0,1.133644036,9.381818182,0,62.8,57.73818182,15.56666667,4.145454545,3.490909091,50.33379519,65.29789646,43.5,6.8,93.5,51.6,0.436363636,2.4,Bottom Pair Player,-3.162311448,-2.721987305,-2.311866147
219,Sami Vatanen,NJD,47,1.291585127,0.312317002,0.624634004,11.74168297,5.3,47.5,45.11448141,16.35,4.69667319,2.935420744,53.48428655,58.32520008,47.8,7.9,89.7,50.1,0.821917808,1.409001957,Forward Playing Defense,0.134591232,2.219360485,1.698819719
220,Samuel Girard,COL,70,0.683646113,0.139372822,0.836236934,9.932975871,4.2,38.9,51.93699732,18.45,3.699731903,1.849865952,60.16260163,55.14518002,52.2,8.6,92,53.7,1.528150134,1.568364611,Two-Way Player,3.051259963,3.268526915,0.228885075
221,Scott Harrington,CBJ,39,1.764705882,0.117889773,0.825228411,8.051470588,2.7,50.7,56.13419118,13.05,5.294117647,5.073529412,50.69260242,58.35543767,46.5,4.9,93.5,50.3,0.551470588,0.992647059,Stay-at-Home Defender,-1.74300873,-4.778757175,-3.230400051
222,Scott Mayfield,NYI,67,2.380239521,0.262616536,0.315139843,10.73353293,5.1,41,51.30314371,17.05,5.254491018,4.176646707,53.25863352,59.56143038,47.2,8.2,93.2,47.9,0.943113772,3.143712575,Bottom Pair Player,-2.121983161,-0.243636503,-0.902232195
223,Sean Walker,LAK,70,1.182714177,0.255102041,0.714285714,12.23654284,3.9,47.2,53.49507202,16.8,3.821076573,3.684609553,65.96938776,54.13265306,54.9,6.7,89.3,50.1,1.137225171,2.956785444,Two-Way Player,3.698390025,3.562357105,0.678738306
224,Seth Jones,CBJ,56,0.847457627,0.216450216,0.865800866,10.33898305,4.8,51.6,46.98305085,19.8,5.211864407,2.627118644,56.6017316,58.22510823,49.3,8.4,92.2,57.6,1.228813559,1.56779661,Forward Playing Defense,0.664975139,3.723316031,2.19927318
225,Shayne Gostisbehere,PHI,42,1.5625,0.367084735,0.275313552,11.5625,6.8,49.3,51.078125,15.56666667,2.890625,1.09375,54.69562557,49.28112573,52.6,7.6,92.5,57.1,0.703125,2.109375,Two-Way Player,4.966138154,1.037975523,1.786682266
226,Shea Theodore,VEG,71,0.949968334,0.490974013,0.803412021,16.79544015,5.9,49.5,51.08043065,18.93333333,2.621912603,0.759974668,67.5312438,48.8295973,58,7.3,91.6,58.7,2.089930336,2.051931602,Norris Candidate,9.434647906,8.164832295,5.726361657
227,Shea Weber,MTL,65,1.268417681,0.59983338,0.799777839,14.52914798,8.1,48.9,46.13709161,18.46666667,4.381806534,4.304932735,70.38044988,57.93390725,54.9,8.6,90.6,49.4,0.69186419,3.036515054,Norris Candidate,2.664652576,7.213916159,6.130268514
228,Slater Koekkoek,CHI,42,3.579545455,0.092864882,0.835783934,9.971590909,2.1,40.2,55.06534091,15.38333333,4.943181818,5.454545455,58.41201052,53.11871227,52.4,7.6,92.7,46.7,0.767045455,2.301136364,Stay-at-Home Defender,-0.578241637,-2.091483986,-2.619002346
229,Stephen Johns,DAL,17,2,0.417270356,0.625905535,13,6.7,46.2,57.51666667,16.91666667,4,10,54.24514633,52.78470009,50.7,8.5,92.9,53,1,2.2,Two-Way Player,2.641255602,-0.750525441,1.551785978
230,Steven Kampfer,BOS,10,0.882352941,0,0,12.35294118,0,46.4,56.54411765,12.81666667,3.529411765,6.617647059,52.43172952,51.96358908,50.2,8.6,94,60.3,1.764705882,0.441176471,Stay-at-Home Defender,4.68469103,-3.934560933,-3.972995855
231,T.J. Brodie,CGY,64,1.650114591,0.211069418,0.738742964,7.56302521,6.2,39.4,52.11917494,17.76666667,3.987776929,0.916730328,61.21013133,55.61679174,52.4,10,91.2,48.8,1.558441558,2.383498854,Forward Playing Defense,1.166122061,3.135871679,1.181708246
232,Taylor Fedun,DAL,27,1.293800539,0.335429769,1.174004193,13.26145553,5,48.8,57.85714286,13.25,3.07277628,2.587601078,56.35220126,54.17190776,51,8.2,92.6,55.5,0.323450135,1.940700809,Two-Way Player,4.416532307,0.725557828,1.399648433
233,Thomas Chabot,OTT,71,1.365113759,0.228054987,0.836201618,12.70855905,3.2,47.6,51.30769231,22.23333333,2.762730228,2.567713976,60.32054395,59.18026902,50.5,7.9,90.2,48,1.365113759,2.827735645,Norris Candidate,1.785476163,5.685077195,1.982605967
234,Tim Heed,SJS,38,0.24291498,0.138100353,0.414301059,11.41700405,2.3,46.8,52.76923077,11.43333333,3.643724696,1.943319838,59.65935246,51.51143164,53.7,4.4,89.3,54.5,1.214574899,2.064777328,Two-Way Player,5.26881964,0.197043461,-2.557719696
235,Torey Krug,BOS,61,1.584,0.421115957,0.842231915,13.104,6.3,52.7,47.8728,16.35,2.304,1.728,63.04707475,50.29327718,55.6,8.2,89.2,68.4,1.056,2.304,Norris Candidate,9.13701374,5.820464879,4.701934808
236,Travis Dermott,TOR,56,2.291021672,0.266193434,0.465838509,7.492260062,6.2,53.7,55.82662539,16.1,3.591331269,4.705882353,53.90417036,54.37000887,49.8,11,92.3,52.7,1.424148607,2.724458204,Forward Playing Defense,0.842761217,-0.447911953,1.52051245
237,Travis Hamonic,CGY,50,1.528301887,0.203773585,0.611320755,9.509433962,3.6,49.4,50,17.66666667,6.226415094,2.20754717,60.2490566,63.03396226,48.9,9,90.8,45.6,1.188679245,2.037735849,Forward Playing Defense,-3.027384901,2.037145977,0.403087535
238,Travis Sanheim,PHI,69,1.380301941,0.401337793,0.652173913,9.748382459,7.3,48.7,51.58878505,17.33333333,3.407620417,1.768511862,57.74247492,53.52842809,51.9,10,89.7,49.4,0.948957584,2.28612509,Norris Candidate,2.397967607,3.28774379,3.444791636
239,Trevor Daley,DET,43,1.783060921,0,0.495977075,6.775631501,0,48.7,53.92570579,14.06666667,3.922734027,0.802377415,43.24920093,62.2947206,41,6.4,89.2,45.1,0.44576523,1.872213967,Healthy Scratch,-3.485627213,-3.938500083,-4.995759104
240,Trevor van Riemsdyk,CAR,49,0.824175824,0.090815065,0.635705456,9.313186813,1.7,51.3,54.45192308,13.48333333,3.049450549,1.730769231,56.94104589,50.22073106,53.1,7.1,90,53,1.071428571,1.401098901,Two-Way Player,4.150328601,-0.355704174,-1.562711087
241,Troy Stecher,VAN,69,1.813031161,0.298477763,0.716346632,10.02832861,5.8,48.6,56.94617564,14.56666667,3.966005666,3.909348442,58.20316386,61.36702816,48.7,8.4,93.7,39.3,0.906515581,1.416430595,Forward Playing Defense,-1.88545778,-1.18673837,0.737398929
242,Tucker Poolman,WPG,57,1.447236181,0.191194434,0.764777736,8.984924623,6.3,43,56.77085427,16.51666667,3.557788945,3.497487437,51.87742312,58.50549684,47,11.1,90.6,50.5,0.844221106,2.773869347,Forward Playing Defense,0.305828513,0.573892836,0.233982568
243,Tyler Myers,VAN,68,2.009569378,0.192338516,0.432761661,10.78605605,4.5,51,51.17429938,18.35,4.429254956,4.060150376,57.70155474,60.92322488,48.6,7.9,90.8,53.1,1.722488038,1.681476418,Forward Playing Defense,0.635181263,1.6194765,0.816141121
244,Tyson Barrie,TOR,70,0.62704115,0.180768265,1.039417524,14.14761594,3,46.8,52.03135206,18.96666667,2.97844546,1.841933377,66.25156917,56.89681145,53.8,8.9,90.2,58.2,0.62704115,2.429784455,Norris Candidate,5.314545298,5.880627981,1.734588426
245,Victor Hedman,TBL,66,1.171284635,0.349011135,1.296327073,11.56171285,7.1,50.7,45.46851385,18.23333333,3.702770781,2.758186398,58.58401197,52.80039887,52.6,12.7,91.9,53.6,1.77581864,1.511335013,Norris Candidate,2.876728092,6.631538147,6.557461957
246,Victor Mete,MTL,51,1.470588235,0.310961389,0.466442083,8.897058824,7,47.1,56.75,15.13333333,4.411764706,1.470588235,60.87069189,54.72920446,52.7,8.5,92.6,45.8,0.588235294,2.573529412,Forward Playing Defense,0.579455029,0.071122016,0.593793536
247,Ville Heinola,WPG,8,1.655172414,0.43902439,1.317073171,7.448275862,10,55.6,56.55172414,17.08333333,2.068965517,1.24137931,51.36585366,53.12195122,49.2,12.9,93.3,59.5,1.24137931,6.206896552,Norris Candidate,2.859059952,5.268402239,5.749968691
248,Vince Dunn,STL,71,1.402597403,0.291738926,0.466782282,13.92207792,6.5,51.5,53.41904762,14.48333333,2.441558442,2.597402597,57.47256844,46.38648925,55.3,8.9,92.6,57.2,0.675324675,1.61038961,Two-Way Player,6.806520917,1.104268909,2.277594807
249,Vladislav Gavrikov,CBJ,69,0.824427481,0.253271423,0.658505699,7.282442748,6.2,50.9,54.2519084,17.16666667,4.213740458,3.618320611,54.6053187,56.73279865,49,7.5,92.1,41.7,0.732824427,1.511450382,Forward Playing Defense,-1.752207301,-0.570885986,0.544726292
250,Will Butcher,NJD,56,0.35892323,0.266193434,1.064773736,8.853439681,6.5,41.9,53.93419741,16.1,4.486540379,1.85443669,56.69920142,63.02129547,47.4,8.7,90.4,55,0.598205384,1.615154536,Forward Playing Defense,0.869127942,1.999550072,0.761822382
251,Xavier Ouellet,MTL,12,1.437125749,0,0.777202073,10.05988024,0,28.6,55.47305389,12.86666667,5.389221557,8.622754491,56.34715026,50.51813472,52.7,9.7,90.9,53.5,0.359281437,1.437125749,Stay-at-Home Defender,1.593376699,-3.493601511,-5.479594175
252,Yannick Weber,NSH,41,1.463414634,0.10707912,0.214158239,9.825783972,2.2,47.9,58.57142857,13.66666667,3.972125436,3.867595819,55.89530042,63.71207615,46.7,7.6,93.3,46.6,1.149825784,1.149825784,Stay-at-Home Defender,-0.988812559,-3.518446532,-3.133802973
253,Zach Bogosian,TOT,27,2.93986637,0.158919348,0.794596742,7.349665924,3.4,52.7,50.45211581,13.98333333,3.608017817,4.008908686,50.2185141,54.98609456,47.7,11,89.9,45.1,0.534521158,1.469933185,Bottom Pair Player,-1.770636098,-1.912632021,0.266185245
254,Zach Werenski,CBJ,63,0.397088021,0.699300699,0.649350649,13.26273991,10.7,56,47.6982131,19.06666667,2.303110523,1.429516876,57.14285714,57.29270729,49.9,9.2,91.6,58.7,1.270681668,1.8663137,Norris Candidate,5.504888216,6.859535666,8.347911108
255,Zach Whitecloud,VEG,16,1.048034934,0,0.282308657,7.598253275,0,31,55.68558952,13.28333333,4.192139738,2.620087336,56.17942284,35.57089084,61.2,9.9,90.9,69.8,2.096069869,0.262008734,Two-Way Player,10,-1.815657957,-4.311780895
256,Zdeno Chara,BOS,68,2.519244227,0.252823192,0.455081746,6.508047586,5.8,55.5,49.82225332,17.45,4.240727782,3.275017495,51.17141412,58.85723917,46.5,10.9,93.9,35.7,1.091672498,2.183344997,Bottom Pair Player,-5.652424682,-0.807232827,1.863823351