"","player","team","gp","pim_60","ev_goals_60","ev_assists_60","shot_att_60","shot_pct","thru_pct","ev_60","toi_even","blk_60","hit_60","cf_60","ca_60","corsi_pct","oishot_pct","oisv_pct","off_zs_pct","takeaway_60","giveaway_60","cluster","defense","offense","scoring"
"1","Aaron Ekblad","FLA",67,1.01364522417154,0.233411569433458,1.35378710271406,10.3313840155945,3.4,55.5,50.1085120207927,19.1833333333333,3.27485380116959,1.32553606237817,59.3799032638718,52.9377439475083,52.9,10.9,90,48.7,1.44249512670565,2.88499025341131,"Norris Candidate",1.90096532595744,6.35985178026741,4.03758218261363
"2","Aaron Ness","ARI",24,0,0,0.208333333333333,5.38205980066445,0,40.7,57.4086378737542,12,3.98671096345515,3.38870431893688,53.9583333333333,56.6666666666667,48.8,8.8,90.8,55.6,0.199335548172757,1.59468438538206,"Stay-at-Home Defender",1.05535007818605,-4.58817062837797,-6.18430941632403
"3","Adam Boqvist","CHI",41,0.541353383458647,0.421632067461131,0.737856118056979,9.65413533834587,8,46.7,51.3578947368421,13.8833333333333,3.8796992481203,2.97744360902256,57.9744092759055,61.5582818493251,48.5,9.2,91,58.4,0.902255639097744,2.34586466165414,"Two-Way Player",2.51012342848908,2.37073346077362,2.56615836384097
"4","Adam Fox","NYR",70,1.45124716553288,0.358565737051793,1.12692088787706,11.0204081632653,6.4,51.4,53.1216931216931,16.7333333333333,4.17233560090703,1.58730158730159,55.7313602731929,51.9408081957883,51.8,11.4,91.6,53.9,2.58503401360544,2.76643990929705,"Norris Candidate",3.32953630921905,5.32272509817809,4.78732179156122
"5","Adam Larsson","EDM",49,2.16049382716049,0.0686629792103757,0.343314896051879,7.83950617283951,1.6,48,53.940329218107,17.8333333333333,5.06172839506173,6.91358024691358,52.5958420751478,58.7068472248713,47.3,8.8,91.8,44.3,0.987654320987654,2.16049382716049,"Bottom Pair Player",-3.59006742781916,-2.6387670072448,-2.82283013998019
"6","Adam Pelech","NYI",38,1.49439601494396,0.0869943453675511,0.521966072205307,8.59277708592777,2,42.6,51.5342465753425,18.15,6.20174346201743,6.05230386052304,48.9778164419313,62.5489343192693,43.9,9.4,91.6,37.9,2.39103362391034,3.5865504358655,"Bottom Pair Player",-6.21138027292976,0.491244106102652,-2.16552294660824
"7","Alec Martinez","TOT",51,1.25797629899727,0.191468992660355,0.574406977981066,9.62625341841386,4,42.6,51.4184138559708,18.4333333333333,6.39927073837739,2.35186873290793,58.5895117540687,56.930113817679,50.7,9,88.7,51.7,0.765724703737466,1.75022789425706,"Forward Playing Defense",-0.220901343736982,1.82853575492596,-0.518891699514512
"8","Alex Biega","DET",49,1.7888198757764,0,0.254807125162204,9.16770186335404,0,44.7,52.6521739130435,14.4166666666667,3.42857142857143,8.57142857142857,47.6489324053321,58.011088828595,45.1,5.3,93.3,47.5,0.298136645962733,2.2360248447205,"Healthy Scratch",-2.08278373216369,-5.63339626804626,-5.85621297855583
"9","Alex Goligoski","ARI",70,0.892193308550186,0.0928313563692625,0.881897885507994,7.9182156133829,4,47.4,48.0545229244114,18.4666666666667,4.9814126394052,3.38289962825279,56.4878803506962,60.3403816400206,48.4,8.7,91.9,49.1,0.260223048327138,1.97026022304833,"Forward Playing Defense",-2.55180678959097,1.2383669685195,-0.367053456003797
"10","Alex Pietrangelo","STL",70,0.708800945067927,0.45271629778672,0.860160965794769,14.8139397519197,7.1,53.8,46.9698759598346,18.9333333333333,3.15416420555227,1.66568222090963,57.4949698189135,50.9758551307847,53,10.6,89.7,51.6,1.52392203189604,1.59480212640284,"Norris Candidate",4.83285143293261,7.06420388973405,6.61607372845137
"11","Alexander Edler","VAN",59,2.78860569715142,0.222486596727593,1.22367628200176,11.6491754122939,4.2,45.6,48.5179910044978,18.2833333333333,7.28635682158921,4.8575712143928,61.23943574927,63.6867883132735,49,10,91.5,42.9,0.4047976011994,1.93403298350825,"Forward Playing Defense",-5.07524689596266,2.18865398368167,1.43564498947194
"12","Andreas Englund","OTT",24,2.74809160305344,0,0.782608695652174,5.26717557251908,0,43.5,52.6717557251908,9.58333333333333,3.66412213740458,13.2824427480916,49.304347826087,55.5652173913044,47,4,88.7,65.3,0.916030534351145,1.14503816793893,"Healthy Scratch",2.3947943665943,-7.51790719167934,-6.4011323941473
"13","Andrej Sekera","DAL",57,0.818713450292398,0.0674043700499916,0.404426220299949,7.48538011695906,3.2,49.2,52.0555555555556,15.6166666666667,4.3859649122807,1.98830409356725,51.6317474582935,57.0240970622929,47.5,5.7,96.1,44.9,0.467836257309941,2.92397660818713,"Bottom Pair Player",-3.03792844641905,-2.36183262323919,-3.1712859793134
"14","Andrew Peeke","CBJ",22,0.786885245901639,0.206091138081063,0.412182276162125,10.4262295081967,4.3,43.4,57.272131147541,13.2333333333333,4.13114754098361,4.91803278688525,55.4385161438058,53.3776047629952,50.9,7.2,92.8,53.2,0.590163934426229,1.57377049180328,"Stay-at-Home Defender",2.59535949886687,-2.59589803495696,-2.22289468575354
"15","Andy Greene","TOT",63,0.779853777416734,0.119296152699075,0.53683268714584,6.04386677497969,3.3,48.4,49.0284321689683,15.9666666666667,7.55483346872461,1.46222583265638,49.3886072174172,61.9147032508202,44.4,7.9,91.8,40.8,0.779853777416734,1.99837530463038,"Bottom Pair Player",-7.0952583127013,-1.44670135421591,-2.33391621220389
"16","Anthony Bitetto","WPG",51,2.48382923673997,0,0.638394892840857,8.15006468305304,0,51.4,51.0659767141009,12.9,3.88098318240621,11.254851228978,51.3451892384861,57.7291381668947,47.1,10.2,92.2,54.3,1.24191461836999,1.70763260025873,"Stay-at-Home Defender",-1.08870213222879,-4.17756271957261,-2.82414769213652
"17","Anthony DeAngelo","NYR",68,2.14939024390244,0.656295576081672,1.20320855614973,12.1646341463415,10.1,56,50.1707317073171,16.1333333333333,2.60670731707317,2.19512195121951,57.3164803111327,60.5432668935343,48.6,10.5,91.8,55.6,0.731707317073171,2.97256097560976,"Norris Candidate",2.73811478890515,5.27924535953871,7.74441417169488
"18","Anton Stralman","FLA",69,0.577716643741403,0.239549646664271,0.622829081327105,6.93259972489684,5.6,53,51.6788170563961,18.15,3.96148555708391,2.8060522696011,54.4735896514553,60.5581506767278,47.4,9.7,89.3,48.1,1.65061898211829,1.98074277854195,"Forward Playing Defense",-0.697056648250424,2.42173048982775,1.83727275002979
"19","Ben Chiarot","MTL",69,2.29323308270677,0.397936624907885,0.530582166543847,11.0526315789474,6.9,44.2,51.015037593985,19.6666666666667,4.81203007518797,5.71428571428571,65.5268975681651,55.0036845983788,54.4,8,90.9,49.3,0.676691729323308,3.23308270676692,"Forward Playing Defense",1.11692508974066,3.15203746727341,2.20256270313696
"20","Ben Hutton","LAK",65,0.707666385846672,0.220875834036352,0.662627502109058,11.3226621735468,3.5,50.9,54.9241786015164,16.7166666666667,3.84161752316765,2.57792754844145,64.3853056215968,51.6297262059974,55.5,7.3,91.3,46.9,0.606571187868576,2.07245155855097,"Two-Way Player",2.77341768348364,1.85275580976545,0.377308332445214
"21","Brad Hunt","MIN",59,0.403135498320269,0.402486471982469,0.321989177585976,12.2956326987682,7.5,57.9,50.0806270996641,12.6333333333333,2.62038073908175,0.806270996640537,57.4750681990966,57.7970573766826,49.9,7.9,90.3,52.4,1.00783874580067,0.940649496080627,"Two-Way Player",4.10606732823893,1.80817108958443,3.44159568221179
"22","Brady Skjei","TOT",67,1.94805194805195,0.398748373162019,0.697809653033534,10.3463203463203,5.8,58.2,52.1111111111111,17.9666666666667,4.15584415584416,4.45887445887446,55.0272754963587,63.1019300528895,46.6,8.9,89.8,47.2,1.55844155844156,2.38095238095238,"Forward Playing Defense",-1.12497748910308,2.49654795836181,3.45357119712113
"23","Brandon Carlo","BOS",67,1.44314868804665,0.209478921183556,0.785545954438335,7.87172011661808,3.6,61.7,50.1034985422741,17.1,3.32361516034985,5.51020408163265,53.6789735532862,52.1078816444095,50.7,8.7,93.2,52.6,1.35568513119534,1.39941690962099,"Forward Playing Defense",0.969623563495785,0.18484571050989,2.01096466017473
"24","Brandon Davidson","TOT",12,0,0,0,14,0,48.6,56.56,11.7833333333333,8,9.6,60.6789250353607,60.2545968882603,50.2,6.7,88.6,53.4,1.2,3.6,"Stay-at-Home Defender",-0.468573066215054,-2.09694567838245,-5.80394152649421
"25","Brandon Montour","BUF",54,1.5954415954416,0.315357931251971,0.693787448754336,8.71794871794872,5.8,56.2,54.2051282051282,17.6166666666667,3.01994301994302,3.41880341880342,49.763481551561,53.8631346578366,48,10.1,93.4,52.2,0.683760683760684,1.53846153846154,"Forward Playing Defense",0.916377513797503,-0.273997210193395,2.38178040030341
"26","Brayden McNabb","VEG",71,1.68895144264602,0.0502022033189235,0.351415423232464,7.43138634764251,2.7,41.5,50.4644616467276,16.8333333333333,5.61576354679803,8.48698099929627,59.1883977130107,54.3689861943941,52.1,8.2,90.9,47.2,1.35116115411682,1.35116115411682,"Stay-at-Home Defender",-1.27437675365428,-1.77886315244122,-2.68663313285356
"27","Braydon Coburn","TBL",40,1.70818505338078,0.11826544021025,0.354796320630749,10.1423487544484,2.3,46.3,54.1637010676157,12.6833333333333,2.98932384341637,6.29893238434164,59.0144546649146,56.6491458607096,51,10.9,91.8,48.6,0.320284697508897,0.533807829181495,"Stay-at-Home Defender",1.26827007687151,-3.0980848636479,-1.62595722663196
"28","Brendan Guhle","ANA",30,1.171875,0.515574650912997,0.515574650912997,10.546875,10.3,43.3,54.55078125,15.5166666666667,5.0390625,2.4609375,45.6283566058002,57.0998925886144,44.4,7.4,90.2,50.9,0.703125,2.9296875,"Forward Playing Defense",0.284119622344113,0.434508563934308,1.81742565595334
"29","Brendan Smith","NYR",62,6.19186046511628,0.215853219810529,0.431706439621058,7.58720930232558,6.7,51.7,48.4825581395349,8.96666666666667,3.57558139534884,7.84883720930233,46.7322220889795,60.5468281568533,43.6,4.7,90.8,47.1,1.56976744186047,2.09302325581395,"Bottom Pair Player",-2.68976861401592,-6.35380154046946,-1.2432458599503
"30","Brenden Dillon","TOT",69,4.64631422189129,0.0516573396470082,0.619888075764098,6.38868205510052,1.7,40.6,51.891288160834,16.8333333333333,3.3060312732688,8.66716306775875,56.2548428755919,53.3620318553594,51.3,8.5,90,48.1,0.71481757259866,1.16157855547282,"Stay-at-Home Defender",-0.528154947925703,-3.84455512489526,-2.75093268060816
"31","Brent Burns","SJS",70,1.14671163575042,0.307429547395389,0.878370135415396,15.2107925801012,5.3,49.9,46.0764474423834,19.5166666666667,3.87858347386172,2.4283305227656,59.7730877150177,61.1345614249116,49.4,9.7,88.7,51.9,1.65261382799325,2.56323777403035,"Norris Candidate",2.20437073698328,7.46302125002996,4.37066831401139
"32","Brent Seabrook","CHI",32,0.826161790017212,0.238095238095238,0.119047619047619,8.05507745266781,7.5,51.3,52.0481927710843,15.75,6.29948364888124,5.37005163511188,53.6904761904762,67.1428571428571,44.4,7.9,94,46.2,0.309810671256454,2.78829604130809,"Bottom Pair Player",-5.60755733674963,-2.28712841373776,-1.00533751585584
"33","Brett Kulak","MTL",56,0.75,0,0.446871896722939,11.8125,0,53.4,58.7416666666667,16.7833333333333,3.125,3.6875,64.0303589161583,49.0282309547453,56.6,7.1,90.6,50.8,0.8125,2.25,"Two-Way Player",4.57806226166239,0.324686433207127,-2.45716344289385
"34","Brett Pesce","CAR",61,1.21348314606742,0.21578206011928,0.647346180357839,9.97752808988764,3.8,46.8,49.9880149812734,18.2333333333333,4.08988764044944,0.98876404494382,59.0703389576528,52.9744957592831,52.7,9.1,91.2,49.2,1.8876404494382,1.75280898876405,"Two-Way Player",2.034245139568,3.62821522946047,1.57526833615099
"35","Brian Dumoulin","PIT",28,1.01694915254237,0,0.705144946461217,8.13559322033898,2.9,43.8,51.9186440677966,18.2333333333333,3.5593220338983,4.47457627118644,62.5228519195612,47.4797597283886,56.8,12.5,89.3,50.3,1.32203389830508,1.32203389830508,"Two-Way Player",3.21298750365274,2.31846250734588,0.190880158683166
"36","Brian Lashoff","DET",9,2.74809160305344,0,0.504413619167718,5.0381679389313,0,54.5,54.4809160305344,13.2166666666667,3.20610687022901,7.32824427480916,45.9016393442623,47.9192938209332,48.9,5.7,97.9,52.5,0,0.916030534351145,"Healthy Scratch",-1.07852206159226,-8.88409116938784,-4.99493622225999
"37","Cale Fleury","MTL",41,0.612244897959184,0.10840108401084,0,10.6122448979592,2.2,43.3,56.4795918367347,13.5,4.59183673469388,10.4081632653061,57.0189701897019,56.6937669376694,50.1,5.6,92.3,56.4,0.510204081632653,3.16326530612245,"Stay-at-Home Defender",1.51606185452277,-4.03642071521965,-5.23692775229423
"38","Cale Makar","COL",57,0.601001669449082,0.502749410840534,1.44540455616654,13.6227045075125,9.9,44.5,47.8171953255426,16.75,2.35392320534224,2.25375626043406,61.6496465043205,56.1822466614297,52.3,10.6,90.7,62.1,1.70283806343907,2.00333889816361,"Norris Candidate",7.23598308892615,8.44379967457618,7.48410853682588
"39","Caleb Jones","EDM",43,0.986842105263158,0.409894395263443,0.409894395263443,7.79605263157895,10.5,48.1,57.78125,13.6166666666667,4.53947368421053,3.25657894736842,52.8763769889841,55.0283225641172,49,9.3,90.4,50.5,0.789473684210526,2.56578947368421,"Forward Playing Defense",1.1545738772999,-0.798588659444979,1.65607521304378
"40","Calle Rosen","TOT",12,1.47239263803681,0,1.15830115830116,13.2515337423313,0,38.9,57.2024539877301,12.95,2.57668711656442,1.10429447852761,58.6872586872587,60.2316602316602,49.4,6,93.2,57,0.736196319018405,2.94478527607362,"Two-Way Player",3.71825261970531,0.563974472212536,-3.72383519428909
"41","Calvin de Haan","CHI",29,1.03986135181976,0.121703853955375,0.608519269776876,9.8786828422877,2.4,44.2,51.265164644714,17,7.59098786828423,9.67071057192374,57.8093306288032,63.2860040567951,47.7,7.4,96.2,47.2,0.935875216637782,3.0155979202773,"Bottom Pair Player",-5.62015653794775,-1.6666515304597,-2.91878621822924
"42","Cam Fowler","ANA",59,0.925212027756361,0.390419235893781,0.780838471787562,9.39090208172706,7.7,57.6,49.7656129529684,18.2333333333333,2.68311488049345,1.15651503469545,58.7302079137359,54.9933380844669,51.6,8.1,90.8,53.9,0.971472629144179,1.43407864302236,"Norris Candidate",3.45331705247414,3.85152930735646,4.68230151503331
"43","Carl Dahlstrom","WPG",15,1.6289592760181,0,0.291970802919708,8.41628959276018,0,29,55.7918552036199,13.7,3.52941176470588,1.35746606334842,55.1824817518248,52.2627737226277,51.4,3.1,93.1,45.3,1.08597285067873,3.80090497737557,"Stay-at-Home Defender",0.925594296606691,-2.57658117814636,-7.43118038696486
"44","Carl Gunnarsson","STL",36,1.69014084507042,0.24390243902439,0.48780487804878,5.38732394366197,6.5,60.8,51.9718309859155,13.6666666666667,5.38732394366197,2.85211267605634,48.5365853658537,54.6341463414634,47,9.1,93.9,48,0.316901408450704,1.47887323943662,"Bottom Pair Player",-3.27147771607011,-3.67174019532908,0.5497194992007
"45","Carson Soucy","MIN",55,1.25581395348837,0.45933014354067,0.535885167464115,7.81395348837209,11.5,54.5,54.6802325581395,14.25,3.48837209302326,4.81395348837209,48.4593301435407,54.4306220095694,47.1,11,94.2,43.2,1.18604651162791,1.11627906976744,"Forward Playing Defense",-0.794262733248836,-1.47601179559484,4.40883103502434
"46","Chad Ruhwedel","PIT",41,1.18811881188119,0.217608124036631,0.435216248073261,8.31683168316832,4.5,52.4,54.5990099009901,13.45,2.47524752475248,7.32673267326733,49.1794360322785,51.0291050865899,49.1,8.8,92.7,52.5,0.693069306930693,1.68316831683168,"Stay-at-Home Defender",2.06450791076535,-3.36018211187668,-0.654097775440702
"47","Charlie McAvoy","BOS",67,1.58505154639175,0.181831956966437,1.13644973104023,8.50515463917526,5,45.9,51.0270618556701,19.7,5.06443298969072,5.06443298969072,57.4134404121524,54.7768770361391,51.2,9.6,92.8,49.6,1.43041237113402,2.62886597938144,"Forward Playing Defense",-0.834778537480682,2.85938390367856,1.5481581908187
"48","Chris Tanev","VAN",69,1.82492581602374,0.1097243176519,0.877794541215197,4.3620178041543,4.4,45.9,48.6787833827893,15.85,7.07715133531157,1.42433234421365,52.6128103140859,61.3907557262378,46.2,11.6,90.5,45.7,0.890207715133531,2.00296735905045,"Bottom Pair Player",-5.89083740666404,-0.0720110491065462,-0.531965978346737
"49","Christian Djoos","TOT",11,0,0.348533255881499,0.348533255881499,8,7.7,46.4,49.1857142857143,15.65,3.42857142857143,0.571428571428571,56.4623874528028,51.2343886145803,52.4,9.6,92.1,56.6,0.571428571428571,1.71428571428571,"Two-Way Player",3.64855490384893,1.82110796056458,2.02779258259722
"50","Christian Folin","MTL",16,3.37662337662338,0.271411338962606,0.271411338962606,8.05194805194805,7.7,41.9,57.4199134199134,13.8166666666667,5.45454545454545,9.87012987012987,55.6393244873341,45.3256936067551,55.1,8.6,90.5,54.9,0.25974025974026,2.07792207792208,"Stay-at-Home Defender",2.20025964313635,-4.93829092988752,-1.48435367511265
"51","Christian Jaros","OTT",13,2.62773722627737,0,0.945129955368863,7.00729927007299,0,31.3,55.6058394160584,9.76666666666667,5.25547445255474,6.13138686131387,41.58571803623,47.7290627461276,46.6,11.6,90.9,59.3,0.437956204379562,2.18978102189781,"Healthy Scratch",0.677730270383641,-5.84108845620753,-5.8487665173696
"52","Cody Ceci","TOR",56,1.04347826086957,0.0618726797745085,0.433108758421559,6.10434782608696,2.1,41,50.5947826086957,17.3166666666667,4.12173913043478,4.8,56.7991200329988,57.6653375498419,49.6,9.1,93.1,45.2,0.678260869565217,1.56521739130435,"Bottom Pair Player",-2.26525426455809,-1.48119468292671,-2.68130662294916
"53","Cody Goloubef","TOT",26,1.21518987341772,0.172430309416611,0.172430309416611,6.53164556962025,5.6,41.9,52.8556962025316,13.3833333333333,3.64556962025316,6.83544303797468,50.8669412779002,62.7646326276463,44.8,9.8,90.6,54,0.455696202531646,3.18987341772152,"Stay-at-Home Defender",-1.17071478045651,-2.79664508372471,-2.57774218804825
"54","Colin Miller","BUF",51,1.51029748283753,0.0762291957819845,0.533604370473892,12.0137299771167,1.3,45.1,54.0343249427918,15.4333333333333,2.74599542334096,5.97254004576659,51.2260195654936,52.2169991106594,49.5,7.2,91.6,50.1,0.617848970251716,1.9908466819222,"Stay-at-Home Defender",2.19164832153026,-1.79189417448984,-2.73397482062388
"55","Colton Parayko","STL",64,0.652173913043478,0.328672787979967,0.704298831385643,11.5760869565217,6.2,57,52.0869565217391,19.9666666666667,4.32065217391304,3.54619565217391,50.0521702838063,51.9303005008347,49.1,9.2,91.9,47.4,1.34510869565217,1.67119565217391,"Forward Playing Defense",0.656053563908198,2.64276808615755,3.52026332855093
"56","Connor Carrick","NJD",29,2.44019138755981,0.150106325313764,0.75053162656882,7.32057416267943,4,49,57.3755980861244,13.7833333333333,5.59808612440191,3.8755980861244,45.0318975941292,66.4971021139974,40.4,8.9,91.6,41.5,0.717703349282297,1.72248803827751,"Bottom Pair Player",-6.21399625743168,-4.33266577216495,-2.30212548455128
"57","Connor Clifton","BOS",31,1.61073825503356,0.28016654344527,0,7.24832214765101,10,37,57.4921700223714,13.8166666666667,4.42953020134228,12.0805369127517,48.3287287443091,56.453558504222,46.1,9.7,93.8,53.5,1.61073825503356,0.939597315436242,"Stay-at-Home Defender",0.305833515759872,-5.65840367114389,-1.15350726669489
"58","Connor Murphy","CHI",58,1.31386861313869,0.281109445277361,0.73088455772114,11.4841849148418,4.3,49.6,51.9318734793187,18.4,6.71532846715328,6.22871046228711,56.5029985007496,56.784107946027,49.9,9.7,90.6,46,0.827250608272506,2.14111922141119,"Forward Playing Defense",-2.21211633999134,1.38766317329327,1.06009734844029
"59","Dakota Mermis","NJD",10,1.25,0.350877192982456,1.05263157894737,10.3125,5.9,51.5,53.4375,17.1,6.5625,6.25,56.4912280701754,64.2105263157895,46.8,12.9,94.6,39.6,0.3125,2.1875,"Bottom Pair Player",-6.19881561279633,0.627434426426074,2.69876658450005
"60","Damon Severson","NJD",69,1.96969696969697,0.23867297824098,0.763753530371137,8.37121212121212,7,51.6,47.6117424242424,18.2166666666667,3.67424242424242,3.06818181818182,53.080870360794,58.9999602211703,47.4,7.6,89.8,45,1.32575757575758,2.76515151515152,"Forward Playing Defense",-1.5110774613233,2.58724657220283,2.19324736183022
"61","Dan Hamhuis","NSH",60,2.41102181400689,0,0.670391061452514,6.95752009184845,0,43.6,49.3226176808266,11.9333333333333,3.65097588978186,4.40872560275545,55.7262569832402,54.6368715083799,50.5,7.6,92.4,48.6,0.619977037887486,2.34213547646383,"Stay-at-Home Defender",-0.827703720322603,-2.97945438279509,-4.04569826921797
"62","Danny DeKeyser","DET",8,1.36363636363636,0,1.61290322580645,7.84090909090909,0,52.2,50.7272727272727,18.6,6.13636363636364,2.04545454545455,45.5645161290323,66.5322580645161,40.6,17.2,91.2,36,0,2.72727272727273,"Bottom Pair Player",-10,1.68766718300619,0.502336100626248
"63","Dante Fabbro","NSH",64,1.87192118226601,0.20891364902507,0.313370473537604,9.40886699507389,5.4,48.2,56.5911330049261,17.95,4.1871921182266,2.66009852216749,56.8767409470752,55.2054317548747,50.7,7.3,90.7,51.4,1.13300492610837,1.92118226600985,"Two-Way Player",1.71711749501581,-0.0875113504969676,-0.393360860337889
"64","Darnell Nurse","EDM",71,1.72972972972973,0.21109169588723,0.971021801081259,11.8558558558559,2.9,51.7,51.2138138138138,20.0166666666667,5.08108108108108,6.1981981981982,56.1081727668258,61.047718450587,47.9,9.7,90.7,50.9,0.936936936936937,1.94594594594595,"Forward Playing Defense",-1.20713618962619,2.41165309845647,1.43442455155164
"65","David Savard","CBJ",68,1.49253731343284,0,0.432368954841465,8.23027718550107,0,50.3,53.2594171997157,18.3666666666667,6.95095948827292,5.50106609808102,52.9411764705882,61.0120636276289,46.5,7.6,92.1,41.5,0.767590618336887,1.83368869936034,"Bottom Pair Player",-6.05464184916474,-2.64185846814932,-3.93965836352776
"66","Dean Kukan","CBJ",33,1.36622390891841,0,0.495867768595041,10.246679316888,2,56.7,55.1043643263757,14.6666666666667,3.18785578747628,2.73244781783681,52.6859504132231,51.3223140495868,50.7,5.4,90.1,60.5,0.79696394686907,1.59392789373814,"Stay-at-Home Defender",4.49640639807988,-1.70448740095612,-2.49690171658134
"67","Dennis Cholowski","DET",36,0.520231213872832,0.102040816326531,0.204081632653061,8.75722543352601,3.9,50.5,50.9826589595376,16.3333333333333,3.03468208092486,1.30057803468208,52.9591836734694,58.6734693877551,47.4,4.6,89,55,0.346820809248555,1.82080924855491,"Stay-at-Home Defender",1.97969056208298,-0.521955915574967,-2.36277053196645
"68","Dennis Gilbert","CHI",21,6.90909090909091,0.199567603525694,0.399135207051389,3.45454545454545,8.3,63.2,54.6636363636364,14.3166666666667,6,13.4545454545455,44.7031431897555,63.4624979211708,41.3,9.2,89.7,44.3,0.363636363636364,0.727272727272727,"Healthy Scratch",-8.32429842661288,-10,-0.274875494581654
"69","Derek Forbort","TOT",20,0.674157303370786,0,0.184615384615385,9.26966292134832,0,40,54.7752808988764,16.25,5.0561797752809,5.89887640449438,48.7384615384615,50.9538461538462,48.9,3.6,93.3,50,0.337078651685393,2.69662921348315,"Healthy Scratch",-0.485105516011226,-4.3851851792677,-6.93264934724032
"70","Deryk Engelland","VEG",49,2.58139534883721,0.0867407175384912,0.346962870153965,8.09302325581395,1.7,50.9,48.2593023255814,14.1166666666667,6,7.95348837209302,59.330650796328,56.3814664000193,51.3,8.8,91.2,55.3,1.04651162790698,1.18604651162791,"Stay-at-Home Defender",-0.859001202373086,-2.65346424356974,-1.97472890667046
"71","Devon Toews","NYI",68,0.688172043010753,0.248084238381388,0.84348641049672,11.1397849462366,4.9,47.1,52.0114695340502,17.7833333333333,3.2258064516129,2.36559139784946,56.6624400463091,54.9754672253156,50.8,8.5,91.5,53.6,1.37634408602151,2.45161290322581,"Two-Way Player",3.11362639735927,3.61107000722055,1.68688101209626
"72","Dmitry Kulikov","WPG",51,1.88050930460333,0.12707153068248,0.50828612272992,8.28599412340842,3.7,38.3,55.4955925563173,18.5166666666667,4.52497551420176,6.11165523996082,57.0551172764335,54.9584370201726,50.9,7.2,91.7,54.4,0.940254652301665,3.23212536728697,"Stay-at-Home Defender",0.900230680447123,-0.462081597962312,-2.72634609665816
"73","Dmitry Orlov","WSH",69,1.41176470588235,0.13219741480611,0.793184488836663,8.7843137254902,3.8,46.9,53.3960784313726,19.7333333333333,3.2156862745098,4.15686274509804,60.237955346651,52.6586368977673,53.4,9.9,90.1,50.5,1.92156862745098,2.54901960784314,"Two-Way Player",2.57211522495373,3.57667465414235,1.176620990178
"74","Dougie Hamilton","CAR",47,1.75502742230347,0.867121637896427,1.08390204737053,18.5923217550274,8.2,50.1,45.5393053016453,17.6666666666667,3.45521023765996,2.85191956124314,67.6354877559213,49.5704536330791,57.7,10,92.6,51.6,1.20658135283364,2.19378427787934,"Norris Candidate",6.64562252816198,9.12348060895665,10
"75","Drew Doughty","LAK",67,1.2485549132948,0.087084835143569,0.783763516292121,10.4393063583815,5,46.8,47.7907514450867,20.5666666666667,3.01734104046243,3.67630057803468,55.4294975688817,54.9069885580203,50.2,7.3,90.6,49.4,0.520231213872832,2.84393063583815,"Forward Playing Defense",0.75589437540029,3.11140089055585,0.454478845578091
"76","Duncan Keith","CHI",61,0.725806451612903,0.0510522434624766,0.765783651937149,10.3225806451613,2.7,43.4,47.3897849462366,19.2666666666667,4.71774193548387,1.04838709677419,58.4548187645357,60.9563786941971,49,8.8,92,54,1.69354838709677,2.98387096774194,"Forward Playing Defense",-0.0308958764175422,4.6588043143753,-0.254434291648142
"77","Dylan DeMelo","TOT",59,1.86868686868687,0,0.477627782015987,7.42424242424242,0,50.3,50.7558922558923,17.0333333333333,3.88888888888889,5.3030303030303,59.4646588609904,52.4793525490066,53.1,8,91.1,48.9,0.454545454545455,2.12121212121212,"Stay-at-Home Defender",-0.148031654250577,-1.31996072253946,-2.8375363926192
"78","Dylan McIlrath","DET",16,5.82278481012658,0,0,8.35443037974684,0,42.4,49.0126582278481,12.1,3.0379746835443,12.1518987341772,42.1487603305785,53.3057851239669,44.2,2.9,91,46.4,1.0126582278481,2.0253164556962,"Healthy Scratch",-2.22179231157079,-9.49333205812458,-6.98285265190626
"79","Erik Brannstrom","OTT",31,2.08695652173913,0,0.440996325030625,11.7391304347826,0,42.2,53.2391304347826,13.1666666666667,4.69565217391304,1.95652173913043,55.1245406288281,57.7705185790118,48.8,8.3,88.9,53.1,0.652173913043478,2.60869565217391,"Stay-at-Home Defender",0.958765283085441,-0.989531002892788,-4.17656513037913
"80","Erik Cernak","TBL",67,2.78740157480315,0.287641024002045,0.402697433602864,9.73228346456693,4,60.7,49.2740157480315,15.5666666666667,4.58267716535433,8.1259842519685,54.1915689219854,53.0985330307776,50.5,9.6,91.9,47.2,0.850393700787402,1.32283464566929,"Forward Playing Defense",-1.19445490827684,-1.9769438373506,1.66543356665527
"81","Erik Gudbranson","TOT",51,5.76923076923077,0.280668927610806,0.280668927610806,9.89878542510121,5.1,47.9,51.9291497975708,16.7666666666667,3.52226720647773,5.40485829959514,56.1337855221612,57.0459595368963,49.6,8.3,91.4,41,0,2.00404858299595,"Bottom Pair Player",-2.54325876373547,-3.35383622330839,-0.0229540150110665
"82","Erik Gustafsson","TOT",66,1.20446096654275,0.209387541441284,0.837550165765137,11.2862453531599,5.8,40.7,51.1315985130112,17.3666666666667,2.58736059479554,3.8364312267658,57.0057581573896,60.0418775082883,48.7,10.1,90.7,55.9,0.936802973977695,2.58736059479554,"Two-Way Player",2.76729364718881,3.26699747652586,1.28133262826358
"83","Erik Johnson","COL",59,0.966183574879227,0.177203143715031,0.767880289431802,9.80676328502415,3,48.8,49.0716586151369,17.2166666666667,5.55555555555556,4.68599033816425,60.3672042922539,60.3081365776823,50,9.3,92.2,47.3,1.54589371980676,1.30434782608696,"Forward Playing Defense",-1.59012853264776,1.90595061072009,0.71117179071879
"84","Erik Karlsson","SJS",56,0.699198834668609,0.233766233766234,1.28571428571429,10.7064821558631,5,49.4,44.8652585579024,18.3333333333333,3.23379461034232,1.13619810633649,59.6688311688312,53.474025974026,52.7,8.5,87.8,51.9,2.27239621267298,2.97159504734159,"Norris Candidate",3.64819333630851,8.22507915762093,4.11155522705757
"85","Esa Lindell","DAL",69,0.445820433436532,0.0946894973565849,0.520792235461217,7.46749226006192,3.1,48.8,47.0823529411765,18.3666666666667,4.71826625386997,3.30650154798762,52.457981535548,61.2167600410321,46.1,9.3,92.4,44.9,1.15170278637771,2.30340557275542,"Bottom Pair Player",-3.74235614209353,1.17639151403255,-0.637697096586038
"86","Ethan Bear","EDM",71,1.26923076923077,0.177442608406344,0.665409781523788,6.96153846153846,5.1,54.7,52.0211538461538,19.05,4.07692307692308,2.26923076923077,56.7816346900299,58.9996672951092,49,9.5,90.4,52.1,1.69230769230769,3.23076923076923,"Forward Playing Defense",-0.231493991784475,3.1379332881896,1.55033108197008
"87","Filip Hronek","DET",65,1.77720540888603,0.407614464652183,0.662373505059798,9.92916934964585,7.2,48.6,45.4958145524791,18.1166666666667,2.85898261429491,4.05666452028332,50.085627344137,56.1998443139198,47.1,8.4,87.9,45.1,0.695428203477141,2.93625241468126,"Forward Playing Defense",-0.109930915377351,3.12102373228355,3.14768983601485
"88","Greg Pateryn","MIN",20,1.16504854368932,0,0.675844806007509,10.2912621359223,0,41.5,51.715210355987,13.3166666666667,5.8252427184466,4.85436893203883,45.2816020025031,60.1501877346683,42.9,12.4,91.1,47.4,0.58252427184466,1.16504854368932,"Bottom Pair Player",-3.66272411248269,-2.88827701517725,-3.52352652846114
"89","Gustav Lindstrom","DET",16,3.16981132075472,0,0,5.66037735849057,0,36,50.9584905660377,14.0666666666667,3.39622641509434,4.30188679245283,48.5189573459716,61.5817535545024,44.1,1.8,93.3,49.7,0.679245283018868,1.58490566037736,"Healthy Scratch",-2.30668178356711,-6.94625636464132,-7.89536064561372
"90","Hampus Lindholm","ANA",55,1.60756501182033,0.0599400599400599,0.659340659340659,11.2056737588652,1.8,46,47.3286052009456,18.2,3.35697399527187,1.60756501182033,60.4195804195804,56.7032967032967,51.6,7.1,90.5,47,0.945626477541371,2.50591016548463,"Forward Playing Defense",0.761561687653364,3.05711987883893,-0.722077589760893
"91","Haydn Fleury","CAR",45,0.780487804878049,0.415584415584416,0.935064935064935,14.6341463414634,6.2,43.3,56.3414634146341,12.8333333333333,4.39024390243902,4.68292682926829,57.974025974026,50.7012987012987,53.3,7.6,91.7,50.1,1.65853658536585,2.53658536585366,"Two-Way Player",4.55474018233955,2.26394019925815,1.86252238781115
"92","Henri Jokiharju","BUF",69,1.61616161616162,0.163897109037104,0.546323696790348,7.62626262626263,5.1,51.7,55.4671717171717,15.9166666666667,3.18181818181818,3.73737373737374,49.9339858866378,50.0432506259959,49.9,8,91.3,47.5,0.353535353535354,1.51515151515152,"Stay-at-Home Defender",0.82016459322986,-2.4895006419306,-0.696423863038891
"93","Ian Cole","COL",65,1.87826086956522,0.246153846153846,1.35384615384615,9.96521739130435,4.3,48.2,50.8695652173913,15,6.36521739130435,4.3304347826087,60.9846153846154,57.6,51.4,9.9,92.7,38.2,0.939130434782609,1.9304347826087,"Forward Playing Defense",-3.80454755165704,1.54506549789664,1.72732342233332
"94","Ilya Lyubushkin","ARI",51,1.49171270718232,0,0.339366515837104,7.4585635359116,0,45.6,58.6077348066298,13.8666666666667,4.39226519337017,12.5138121546961,55.8257918552036,56.4196832579185,49.7,7.7,94,48.7,1.07734806629834,1.65745856353591,"Healthy Scratch",-1.2676320110119,-6.29573906375027,-5.40612328803413
"95","Ivan Provorov","PHI",69,0.840140023337223,0.274840630606558,0.595488032980876,9.62660443407234,8.7,54.5,45.8523920653442,18.9833333333333,3.88564760793466,2.94049008168028,56.1591021872733,50.891323433981,52.5,9.9,90.6,45.8,0.560093348891482,2.34539089848308,"Forward Playing Defense",0.320336266416502,3.59973496746751,4.02009484085803
"96","Jaccob Slavin","CAR",68,0.376884422110553,0.274543698205298,1.18968935888962,11.0427135678392,4.1,49.5,49.4195979899498,19.2833333333333,4.03266331658291,1.62060301507538,62.001118511363,50.3330113376379,55.2,10.4,91,52.8,3.05276381909548,1.84673366834171,"Norris Candidate",4.52105777596897,7.7263431527218,4.67834900302094
"97","Jack Johnson","PIT",67,1.19631901840491,0.10443409773291,0.417736390931639,6.62576687116564,4.8,43.8,52.8703987730061,17.15,4.46319018404908,8.42024539877301,50.3372351072625,57.4909708019668,46.7,8.3,91.9,46.1,0.690184049079755,1.05828220858896,"Bottom Pair Player",-2.47383413901576,-3.44089571318139,-2.22362145501577
"98","Jacob Larsson","ANA",60,0.743034055727554,0.136054421768707,0.612244897959184,7.73993808049536,3.4,46.4,54.6130030959752,14.7,3.52941176470588,2.10526315789474,47.4149659863946,63.8095238095238,42.6,9.8,92,46.5,0.371517027863777,1.91950464396285,"Bottom Pair Player",-2.69771958759176,-1.94103988193128,-1.91384223211233
"99","Jacob Trouba","NYR",70,2.31645569620253,0.140771637122002,0.656934306569343,12.6455696202532,4.2,50.5,48.5569620253164,18.2666666666667,4.86075949367089,6.56962025316456,54.8540145985402,66.7726798748697,45.1,7.8,91.2,45.3,1.63291139240506,2.62025316455696,"Forward Playing Defense",-3.3075969351365,1.7753140987538,0.530753543587759
"100","Jake Gardiner","CAR",68,1.58870255957635,0.179664626031408,0.59888208677136,10.5913503971756,4.6,43.5,53.0556045895852,14.7333333333333,2.22418358340688,2.27714033539276,61.9842959808358,49.5275485759915,55.6,6.1,89,55.9,1.6946160635481,2.06531332744925,"Two-Way Player",6.9847534176078,2.22635648662151,-0.0295961006223404
"101","Jake McCabe","BUF",66,2.01144726083401,0.112464854732896,0.56232427366448,7.21177432542927,4,51,52.346688470973,16.1666666666667,4.41537203597711,4.46443172526574,50.4404873477038,50.9465791940019,49.8,7.5,90.3,43.7,0.932134096484056,1.03025347506132,"Stay-at-Home Defender",-1.07746392435333,-2.37573214024913,-1.10458286253934
"102","Jake Muzzin","TOR",53,2.09606986899563,0.366499253427447,0.977331342473191,10.0087336244541,6.1,51.8,51.4724890829694,18.5333333333333,5.76419213973799,5.7117903930131,62.9157051717117,56.0743857743993,52.9,10.7,89.8,46.1,1.25764192139738,3.30131004366812,"Forward Playing Defense",-1.01418632202731,4.02782257382619,3.6284579904824
"103","Jakob Chychrun","ARI",63,1.6135881104034,0.36231884057971,0.56935817805383,13.1210191082803,8.1,48.2,49.2229299363057,18.4,4.03397027600849,3.18471337579618,58.8509316770186,58.7474120082816,50,8.3,91.5,49.6,1.14649681528662,2.20806794055202,"Forward Playing Defense",1.34814761165559,3.76278788292532,3.48324116750788
"104","Jamie Oleksiak","DAL",69,2.25481209899175,0.172952197934182,0.403555128513091,8.19431714023831,3.9,51,57.2364802933089,15.0833333333333,3.24472960586618,8.41429880843263,57.9966370405957,52.1162623108335,52.7,5.5,92.4,49.3,1.3198900091659,2.52978918423465,"Stay-at-Home Defender",1.71236406125803,-2.896190831053,-1.85327569987147
"105","Jan Rutta","TBL",33,1.6374269005848,0.13080444735121,0.78482668410726,9.47368421052632,2.3,53.1,53.6491228070175,13.9,2.45614035087719,2.22222222222222,59.9084368868542,52.0601700457816,53.5,11.3,91.3,50.9,0.233918128654971,0.935672514619883,"Two-Way Player",2.91764977783263,-0.302585974950276,0.504444008575041
"106","Jared Spurgeon","MIN",62,0.771428571428571,0.500077172403149,0.555641302670165,10.0285714285714,10.7,47.9,46.2785714285714,17.4166666666667,4.37142857142857,2.61428571428571,61.2872356845192,55.8975150486186,52.3,9.7,90.2,49.2,0.428571428571429,0.985714285714286,"Norris Candidate",1.57753736373294,3.68446495681506,5.26185683665061
"107","Jarred Tinordi","NSH",28,4.38709677419355,0.141598489616111,0.424795468848332,6.70967741935484,5,38.5,54.6752688172043,15.1333333333333,4.64516129032258,9.16129032258065,48.8514789175582,63.0113278791693,43.7,9,92.3,44.5,0.129032258064516,2.32258064516129,"Healthy Scratch",-5.33689990933112,-6.1635581611742,-3.42477614018031
"108","Jason Demers","ARI",50,1.46341463414634,0,0.671641791044776,6.20487804878049,0,50,52.2926829268293,17.8666666666667,4.09756097560976,4.44878048780488,53.4626865671642,61.1865671641791,46.6,8.5,93,45.7,0.878048780487805,1.87317073170732,"Bottom Pair Player",-3.61067430390314,-1.65718508572381,-2.8592739792663
"109","Jay Bouwmeester","STL",56,0.993377483443709,0.0577071043857399,0.40394973070018,5.01655629139073,1.9,52.5,51.6423841059603,18.5666666666667,3.37748344370861,2.08609271523179,44.376763272634,53.6676070787381,45.3,9,93.2,41.6,0.54635761589404,1.58940397350993,"Bottom Pair Player",-3.54984999524828,-2.5523431135501,-2.03861127551008
"110","Jeff Petry","MTL",71,0.929124478856462,0.311615081180675,0.890328803373357,13.1149493746278,7,43.1,48.1649791542585,18.9833333333333,2.82310899344848,6.32519356759976,66.7301438128331,50.3035773905947,57,7.1,89,52.2,1.07206670637284,3.14472900536033,"Norris Candidate",5.55899654767317,6.0921223096664,3.13515433004973
"111","Jeremy Lauzon","BOS",19,5.93856655290102,0.241367750586658,0.241367750586658,6.75767918088737,5,60.6,50.9044368600683,13.0833333333333,4.7098976109215,6.55290102389078,53.1009051290647,59.6178343949045,47.1,7.3,94.5,55.6,0.614334470989761,1.22866894197952,"Bottom Pair Player",-2.58560998014571,-6.52143596142055,-0.364579809481349
"112","Joakim Ryan","LAK",35,0.895522388059702,0.0985221674876847,0.394088669950739,8.86567164179104,1.9,54.5,54.5373134328358,17.4,4.11940298507463,2.14925373134328,53.6945812807882,48.8669950738916,52.4,4.2,91.9,53.6,0.537313432835821,2.50746268656716,"Stay-at-Home Defender",2.16564282035762,-1.13203304232961,-2.69157334743008
"113","Joel Edmundson","CAR",68,3.44223107569721,0.39762686190356,0.738449886392325,8.55776892430279,7.2,54.2,50.4988047808765,15.5333333333333,4.35059760956175,5.64143426294821,53.7364301943954,52.0323150719515,50.8,9.2,91.8,44.6,1.0996015936255,2.15139442231076,"Forward Playing Defense",-1.03255983023436,-0.448700198406494,3.12493326837835
"114","Joel Persson","EDM",13,0.603015075376884,0,0.616755182456741,9.94974874371859,0,51.5,58.6633165829146,14.9666666666667,3.01507537688442,1.80904522613065,51.4990577351379,56.4330991947918,47.7,9.3,92.2,55,0.603015075376884,2.41206030150754,"Stay-at-Home Defender",1.81703971925019,-1.33658813635858,-3.1093926915901
"115","John Carlson","WSH",69,0.917647058823529,0.597060624617269,1.65339865278628,13.0235294117647,7.9,51.2,46.1082352941176,18.9333333333333,3.81176470588235,1.94117647058824,62.8291488058787,57.3178199632578,52.3,12.3,90.1,51.4,1.48235294117647,2.82352941176471,"Norris Candidate",2.7367131915917,10,8.92477817407551
"116","John Klingberg","DAL",58,1.02643856920684,0.216079949581345,0.594219861348699,13.4370139968896,5,41.7,51.8211508553655,19.15,3.3592534992224,1.35303265940902,61.0966057441253,58.5036463491492,51.1,7.2,91.8,54.9,1.11975116640747,3.31259720062208,"Two-Way Player",3.38029076874722,4.63017617129406,0.62885311771444
"117","John Marino","PIT",56,1.05820105820106,0.307293089319858,1.04479650368752,8.30687830687831,9.8,38.9,51.6543209876543,17.4333333333333,4.07407407407407,3.80952380952381,50.5189838841846,49.3512701447692,50.6,11.3,91.9,47.9,1.95767195767196,2.22222222222222,"Forward Playing Defense",1.4145848483557,3.07189001146456,3.4870227043544
"118","John Moore","BOS",24,1.6624685138539,0.346420323325635,0.173210161662818,10.2770780856423,6.1,48.5,52.352644836272,14.4333333333333,4.08060453400504,5.44080604534005,56.1200923787529,54.5612009237875,50.7,7.7,91.2,56.6,0.302267002518892,1.05793450881612,"Stay-at-Home Defender",2.76422143274479,-1.98073940137353,0.14512041458673
"119","Johnny Boychuk","NYI",64,0.759493670886076,0.0629194630872483,0.566275167785235,11.500904159132,2.1,45.3,51.7323688969259,14.9,6.94394213381555,7.32368896925859,54.6770134228188,66.5687919463087,45.1,7,92.3,53.6,0.325497287522604,2.7124773960217,"Bottom Pair Player",-3.56400870643068,-1.77081413875803,-3.83320901145189
"120","Jonas Brodin","MIN",69,0.968392737054472,0.0920986991058751,1.05913503971756,7.82784129119032,1.9,53.1,52.5736381977135,18.8833333333333,4.5191661062542,1.65433759246806,52.0357649948194,54.7526766184428,48.7,10.6,91.1,47.1,0.564895763281775,0.645595158036315,"Forward Playing Defense",-1.33485968914719,0.673195723288231,0.384886750137554
"121","Jonas Siegenthaler","WSH",64,2.56206554121152,0.151617250673854,0.530660377358491,6.55412115193645,4.1,44.5,47.1578947368421,12.3666666666667,6.25620655412115,3.03872889771599,57.2355121293801,55.8709568733154,50.6,8.1,93.3,46.6,0.774577954319762,1.90665342601787,"Bottom Pair Player",-3.19815093884383,-2.3393085686183,-1.75031234393521
"122","Jonathan Ericsson","DET",18,0.9375,0,0,7.265625,0,51.6,52.171875,12.3666666666667,3.28125,5.625,48.5175202156334,65.7681940700809,42.5,2.8,89,47.2,0.234375,4.6875,"Healthy Scratch",-3.24800534740774,-4.24268409266617,-7.06673154403678
"123","Jonathon Merrill","VEG",49,2.15730337078652,0.147825729889541,0.295651459779083,6.53932584269663,5.4,38.1,54.7258426966292,16.5666666666667,4.78651685393258,3.43820224719101,55.3607358436332,49.8911838377202,52.6,8.8,92.1,54.4,0.943820224719101,1.82022471910112,"Stay-at-Home Defender",1.57481540231283,-1.93728137124844,-2.02755005257441
"124","Jordan Oesterle","ARI",58,0.851063829787234,0.206666921811015,0.551111791496039,9.66565349544073,4.3,43.4,52.9463019250253,15.0166666666667,5.34954407294833,2.91793313069909,57.246737341651,63.5156339699185,47.4,5.5,92.9,49.5,0.668693009118541,2.24924012158055,"Bottom Pair Player",-1.54539939857068,-0.653844092536165,-2.13451834646123
"125","Jordie Benn","VAN",44,1.42259414225941,0.0996567379027793,0.597940427416676,9.6234309623431,1.7,50.4,50.3821478382148,13.6833333333333,5.18828451882845,3.76569037656904,50.3266526409036,65.8731037537371,43.3,8.5,92.3,45.6,0.585774058577406,1.42259414225941,"Bottom Pair Player",-4.38785690373287,-2.36134816604217,-2.24471459245154
"126","Josh Brown","FLA",56,3.11584553928096,0.251771726967549,0.419619544945916,7.74966711051931,6.3,49.5,57.1185086551265,12.7666666666667,4.23435419440746,6.15179760319574,53.4595300261097,57.9914211115255,48,9,92.4,54,0.798934753661784,1.91744340878828,"Stay-at-Home Defender",0.0502132701600519,-4.07488161831472,-0.716043686409799
"127","Josh Mahura","ANA",11,0.670391061452514,0.375743659325749,1.12723097797725,8.37988826815642,9.1,44,53.5251396648045,14.5166666666667,3.68715083798883,0.670391061452514,60.4947291514456,64.6279094040288,48.3,9.4,89,58.4,0.670391061452514,1.67597765363128,"Two-Way Player",2.74766998194361,3.34486110556708,2.9993241612117
"128","Josh Manson","ANA",50,2.15116279069767,0.0680529300567108,0.476370510396975,8.02325581395349,1.6,46.4,51.2596899224806,17.6333333333333,3.77906976744186,6.56976744186047,58.593572778828,58.6616257088847,50,6.4,91.1,48.3,1.22093023255814,2.38372093023256,"Stay-at-Home Defender",-0.751754981357447,-0.731080619969349,-2.4814079434914
"129","Josh Morrissey","WPG",65,0.972972972972973,0.184308204274926,0.691155766030974,10.4594594594595,4.2,46.5,52.7905405405405,20.0333333333333,2.39189189189189,1.37837837837838,55.5228465378216,58.5639319083579,48.7,10,91.4,52.4,0.891891891891892,1.86486486486486,"Two-Way Player",2.06549498029239,3.06387374116143,1.26322863088543
"130","Justin Braun","PHI",62,1.00840336134454,0.190375462718139,0.951877313590693,8.23529411764706,4.3,47.6,52.96918767507,15.25,4.70588235294118,5.09803921568627,52.4167107350608,51.9725013220518,50.2,8.4,90,51.8,0.560224089635854,1.73669467787115,"Stay-at-Home Defender",0.809703268413903,-0.55730055103165,-0.440661443996003
"131","Justin Faulk","STL",69,1.35306553911205,0.192523664367078,0.385047328734157,11.0782241014799,3.4,56.1,52.7103594080338,18.0666666666667,3.21353065539112,3.46723044397463,54.1472806032408,54.0510187710573,50,7.9,91.6,49.7,1.01479915433404,1.64904862579281,"Two-Way Player",1.59551015031794,0.497001601469037,0.597235445967282
"132","Justin Holl","TOR",68,2.04924543288324,0.107713482137514,0.861707857100114,8.81652104845115,2.2,48.1,53.0929308975377,16.3833333333333,3.95552025416998,4.24146147736299,58.542277541739,55.6340135240261,51.3,9,91.7,43.2,1.00079428117554,2.81175536139793,"Forward Playing Defense",-1.22053663519994,0.501931417850226,-0.779298293819545
"133","Justin Schultz","PIT",46,0.393873085339168,0.23154103421662,0.23154103421662,11.6849015317287,3.5,48.3,51.0328227571116,16.9,3.28227571115974,2.36323851203501,55.4926678672498,54.6436840751222,50.4,7.3,89.1,56.4,0.393873085339168,1.18161925601751,"Two-Way Player",4.04488075638352,0.933777298740075,-0.435849600388289
"134","Juuso Riikola","PIT",36,0.72,0.131752305665349,0.527009222661396,9.96,2.6,45.8,54.648,12.65,2.88,8.88,54.5454545454545,49.0118577075099,52.7,6,93.9,56.4,0.96,1.92,"Stay-at-Home Defender",4.1191956479299,-3.17857241931174,-2.82737192967009
"135","Keith Yandle","FLA",69,0.883002207505519,0.165631469979296,1.15942028985507,12.0088300220751,3.9,47.4,47.9801324503311,15.75,2.25165562913907,0.794701986754967,58.8543823326432,60.2898550724638,49.4,9.2,91.7,58.1,1.1037527593819,2.91390728476821,"Norris Candidate",3.47288607339478,5.08822955169817,1.90283536610625
"136","Kevin Shattenkirk","TBL",70,1.72335600907029,0.356435643564356,1.01838755304102,11.156462585034,6.1,53.3,53.4391534391534,16.8333333333333,2.99319727891156,2.81179138321995,59.9321074964639,51.6322489391796,53.7,9.8,93.7,53.2,1.45124716553288,1.54195011337868,"Norris Candidate",3.91918780566748,2.97294118750911,4.20041801890239
"137","Korbinian Holzer","TOT",49,2.82442748091603,0.0864345738295318,0.172869147659064,5.72519083969466,2.6,52,52.9898218829517,14.1666666666667,7.32824427480916,7.40458015267176,44.5138055222089,63.9615846338535,41,6.8,93.7,44.5,0.152671755725191,2.13740458015267,"Healthy Scratch",-8.56995524746707,-7.70242300962344,-5.00065494058075
"138","Kris Letang","PIT",61,1.45315487571702,0.442992110912099,0.984426913137997,13.0019120458891,8.5,52.1,46.6150414276609,19.9833333333333,3.47992351816444,3.8623326959847,59.8531563187902,55.8170059749245,51.7,9.5,89.5,50.8,1.18546845124283,3.05927342256214,"Norris Candidate",2.44196450755223,6.99185397752343,6.12441946887088
"139","Kris Russell","EDM",55,0.910075839653304,0,0.606060606060606,5.33044420368364,0,54.9,51.4842903575298,14.4,6.56554712892741,4.61538461538461,42.8030303030303,56.3636363636364,43.2,6.6,93.7,43.5,2.01516793066089,2.47020585048754,"Bottom Pair Player",-5.83233083746784,-3.556634520249,-3.98657953000559
"140","Kurtis MacDermid","LAK",45,4.57050243111831,0.319148936170213,0.425531914893617,10.5024311183144,5.9,47.2,54.8460291734198,12.5333333333333,4.18152350081037,9.23824959481361,57.7659574468085,55.7446808510638,50.9,5.1,90.6,57.8,0.486223662884927,2.52836304700162,"Stay-at-Home Defender",2.25242268185117,-4.10195263972647,-1.29902042857569
"141","Kyle Capobianco","ARI",9,0.902255639097744,0.483675937122128,0,8.57142857142857,10,52.6,55.9624060150376,13.7833333333333,4.51127819548872,6.31578947368421,54.6553808948005,56.590084643289,49.1,6.9,91.8,44.6,0.451127819548872,1.80451127819549,"Stay-at-Home Defender",-0.402903029423822,-2.91183879089473,1.21337896577387
"142","Lawrence Pilut","BUF",13,1.13744075829384,0,0,4.83412322274881,0,35.3,54.3412322274881,14.7,5.40284360189573,2.8436018957346,34.2229199372057,46.7817896389325,42.2,5.2,91.7,46.2,0.568720379146919,1.13744075829384,"Healthy Scratch",-2.45192721484525,-7.77485283041284,-8.14738791816879
"143","Libor Hajek","NYR",28,1.60714285714286,0,0.718276137270551,6.42857142857143,0,47.9,55.9375,14.9166666666667,5.89285714285714,3.21428571428571,43.6711891460495,70.6783719074222,38.2,9.7,91.5,42.7,1.07142857142857,2.27678571428571,"Bottom Pair Player",-7.79631806545309,-3.54400400742821,-4.39380009966276
"144","Luca Sbisa","WPG",44,2.81368821292776,0.171526586620926,0.686106346483705,7.52851711026616,4.1,49.5,53.2015209125475,15.9,5.39923954372624,6.92015209125475,49.9142367066895,58.5763293310463,46,9.3,91.5,50.4,0.304182509505703,1.97718631178707,"Bottom Pair Player",-3.13524110984963,-3.24895138655768,-1.2995160107034
"145","Luke Schenn","TBL",25,4.43729903536977,0.223950233281493,0.447900466562986,10.8038585209003,3.2,55.4,51.6881028938907,10.7166666666667,4.05144694533762,16.0128617363344,55.3157076205288,61.3623639191291,47.4,7.5,87.7,50,0.964630225080386,1.92926045016077,"Stay-at-Home Defender",-1.06809338948658,-5.41292347067153,-1.33672364935851
"146","MacKenzie Weegar","FLA",45,2.1878453038674,0.525328330206379,0.825515947467167,8.75138121546961,9.1,58.3,53.0055248618785,17.7666666666667,4.70718232044199,5.03867403314917,53.7335834896811,50.2063789868668,51.7,10.3,89.9,46.4,1.65745856353591,2.51933701657459,"Forward Playing Defense",0.569958507789405,2.58344152535011,5.71478073581927
"147","Madison Bowey","DET",53,2.14963119072708,0.216550037094219,0.93838349407495,8.40885142255005,4.3,52.6,52.5532139093783,15.6833333333333,3.66701791359326,3.3508956796628,45.6198744811822,57.3857598299681,44.3,9.6,88.6,50.4,0.885142255005269,2.84510010537408,"Forward Playing Defense",-0.79018866757538,0.221397415011413,0.588676952362528
"148","Marc Staal","NYR",52,1.04689203925845,0.155749762048975,0.700873929220386,5.69247546346783,4.3,52.9,50.412213740458,14.8166666666667,4.97273718647764,4.51472191930207,50.9301721900147,66.7387730379856,43.3,8.8,93.4,47.1,1.24318429661941,2.22464558342421,"Bottom Pair Player",-5.01375673128709,-1.35147515487944,-0.673836982981721
"149","Marc-Edouard Vlasic","SJS",70,0.422237860661506,0.206126538791869,0.515316346979674,8.44475721323012,6.8,37,49.1625615763547,16.6333333333333,4.09570724841661,1.56228008444757,55.0357858574291,56.890924706556,49.2,8.6,89.9,47.8,0.760028149190711,1.68895144264602,"Forward Playing Defense",0.475981102810724,1.64580480247865,-0.129931422832016
"150","Marco Scandella","TOT",62,1.10091743119266,0.249739854318418,0.561914672216441,9.41284403669725,5.2,45,52.8990825688073,15.5,3.30275229357798,4.29357798165138,54.1311134235172,50.4474505723205,51.8,10.1,92.5,50.2,0.990825688073395,2.69724770642202,"Two-Way Player",2.02120853245425,0.519103844238289,0.519455080622286
"151","Marcus Pettersson","PIT",69,1.56833457804332,0.101210306582887,0.910892759245983,8.64824495892457,2.5,40.9,53.1284540702016,17.1833333333333,3.76400298730396,4.74981329350261,55.6656686205879,51.0099945177751,52.2,9.7,90.8,52.9,0.761762509335325,1.70276325616131,"Two-Way Player",2.02871231558862,0.272870082765293,-1.13717479733055
"152","Mario Ferraro","SJS",61,1.85758513931889,0.137567350682105,0.550269402728419,8.85448916408669,3.2,44.1,54.0123839009288,14.3,3.59133126934985,7.43034055727554,52.1380259085177,54.1327524934082,49.1,7.9,88.3,47.2,0.928792569659443,1.23839009287926,"Stay-at-Home Defender",0.864338551996301,-2.56577568362253,-2.09440688920855
"153","Mark Barberio","COL",21,3.24324324324324,0,0.447594181275643,9.32432432432432,0,63,54.3445945945946,12.7666666666667,3.85135135135135,2.63513513513514,59.9776202909362,59.7538232002984,50.1,8.7,93.5,35.7,1.21621621621622,2.63513513513514,"Bottom Pair Player",-3.96406686014769,-2.48182581768825,-1.71379717430219
"154","Mark Borowiecki","OTT",53,3.65930599369085,0.440115734137495,0.806878845918742,7.38170347003155,11.1,53.8,51.6067297581493,15.4333333333333,7.57097791798107,12.5552050473186,50.7600146705245,64.1101919393618,44.2,9.6,90.7,38.5,0.630914826498423,1.89274447949527,"Bottom Pair Player",-8.14357581945334,-3.48511794343243,2.89092110267572
"155","Mark Giordano","CGY",60,1.42358688066992,0.164684354986276,0.823421774931381,14.612700628053,3.2,45,45.7641311933008,18.2166666666667,6.19678995115143,1.75854849965108,60.9332113449222,55.224153705398,52.5,8.7,91.3,49,1.50732728541521,2.13538032100488,"Forward Playing Defense",0.437962699303423,5.00601248745752,1.4225379628397
"156","Mark Pysyk","FLA",58,1.62162162162162,0.7705112960761,0.7705112960761,8.51351351351351,14.1,61.9,56.8243243243243,12.0833333333333,3.08108108108108,3.81081081081081,49.3983353151011,61.640903686088,44.5,9.8,92,33.4,2.10810810810811,1.21621621621622,"Forward Playing Defense",-1.9423707760047,0.287552196242114,8.14817556238237
"157","Markus Nutivaara","CBJ",37,0.407470288624788,0.317273795534665,0.528789659224442,9.06621392190153,6.4,52.8,57.7928692699491,15.3333333333333,3.3616298811545,3.56536502546689,55.2056404230317,56.5804935370153,49.4,6.3,93.7,57.8,0.611205432937182,1.32427843803056,"Two-Way Player",3.19417462249618,-1.35499714947333,0.297106950980659
"158","Martin Marincin","TOR",26,2.12658227848101,0.170940170940171,0.512820512820513,10.7848101265823,3.6,39.4,53.3164556962025,13.5,6.53164556962025,3.34177215189873,60.3418803418803,57.4358974358974,51.2,8.9,89.5,44.5,1.36708860759494,3.34177215189873,"Forward Playing Defense",-1.38487560677471,0.600588908478279,-1.89112632962907
"159","Mathew Dumba","MIN",69,1.58505154639175,0.235017626321974,0.470035252643948,14.3427835051546,3.6,45,49.3492268041237,18.5,3.4020618556701,3.78865979381443,55.9341950646298,58.2843713278496,49,8.9,89.8,50.8,0.77319587628866,1.35309278350515,"Two-Way Player",2.08370599345273,2.41429568124204,0.946207837451754
"160","Matt Benning","EDM",43,1.5817223198594,0.112983711514923,0.790885980604463,8.54130052724077,2.6,46.9,55.9982425307557,12.35,3.58523725834798,8.22495606326889,48.582995951417,52.5374258544393,48,10,93.2,47.4,1.26537785588752,2.00351493848858,"Stay-at-Home Defender",-0.253944442510479,-3.56693591501227,-1.91621955499574
"161","Matt Grzelcyk","BOS",68,1.66123778501629,0.173199050612611,0.577330168708705,10.2117263843648,3.6,53.6,50.7785016286645,15.2833333333333,3.27361563517915,2.73615635179153,55.5968952466483,51.9019821669126,51.7,8.2,94.2,54.4,1.07491856677524,1.90553745928339,"Two-Way Player",2.38153070672975,0.110192060402376,0.482545552042925
"162","Matt Irwin","TOT",36,1.72744721689059,0,0.376411543287328,14.3953934740883,0,46.4,55.0710172744722,13.2833333333333,6.21880998080614,9.21305182341651,57.8419071518193,59.3475533249686,49.4,5.6,89,48.5,0.921305182341651,1.49712092130518,"Stay-at-Home Defender",-0.325346728257777,-3.10700971987289,-4.7753147220673
"163","Matt Niskanen","PHI",68,1.16778523489933,0.154197601370645,0.822387207310108,9.34228187919463,6.3,54.3,47.006711409396,17.1666666666667,3.38255033557047,4.99328859060403,55.9737292975443,50.011422044546,52.8,9.6,90.1,44.2,0.563758389261745,2.25503355704698,"Forward Playing Defense",0.259415243577857,2.07899920219029,2.34511550439558
"164","Matt Roy","LAK",70,0.473186119873817,0.205920205920206,0.669240669240669,11.4511041009464,3.6,46.3,55.1498422712934,16.65,4.73186119873817,6.24605678233439,63.2689832689833,49.4723294723295,56.1,8.8,92.1,54.2,0.331230283911672,2.03470031545741,"Two-Way Player",3.41944847137573,0.712898213933107,-0.354649346917951
"165","Matt Tennyson","NJD",20,1.48148148148148,0,0.744827586206896,6.41975308641975,0,53.8,59.6707818930041,12.0833333333333,4.44444444444444,6.66666666666667,48.9103448275862,57.6,45.9,14.8,86.2,53.2,0.493827160493827,1.97530864197531,"Stay-at-Home Defender",-0.814980207927714,-3.55269685756073,-2.75678092055704
"166","Mattias Ekholm","NSH",68,1.20830711139081,0.32479249368459,0.881579625715317,11.214600377596,5.2,51.9,48.8281938325991,19.0166666666667,3.77595972309629,1.85022026431718,58.2306542248801,57.3026756714956,50.4,8.9,90,48.7,1.92573945877911,1.88797986154814,"Norris Candidate",1.60722895245783,5.28633327879333,3.8542516158908
"167","Michael Del Zotto","ANA",49,0.916030534351145,0.150861165821565,0.905166994929389,8.17884405670665,3.5,45.6,52.0458015267176,16.2333333333333,3.59869138495093,6.60850599781898,54.3100196957633,62.9091061475925,46.3,11.6,92,51.8,0.588876772082879,2.15921483097056,"Forward Playing Defense",-1.38563599324625,0.13375444356117,-0.181972996001218
"168","Michael Stone","CGY",33,1.78107606679035,0.245423867471112,0.613559668677779,12.2448979591837,3.5,51.8,54.4285714285714,14.8166666666667,6.01113172541744,5.78849721706865,54.4840985785868,65.4054606810512,45.4,7.7,91.5,53.1,0.667903525046382,1.00185528756957,"Bottom Pair Player",-1.55697112687761,-1.76867298392605,-0.714885789539233
"169","Michal Kempny","WSH",58,1.22109158186864,0.183274504480043,0.916372522400217,9.43570767807586,4.1,42.9,54.5124884366328,16.9333333333333,3.99629972247919,2.33117483811286,57.609285908227,57.5481944067336,50,12.1,91.9,50.2,0.721554116558742,1.94264569842738,"Forward Playing Defense",0.461322794752244,1.69353919158018,0.689662775950033
"170","Mike Green","TOT",50,1.83908045977011,0.130553037171351,0.326382592928377,9.54022988505747,3.9,45.8,52.8256704980843,18.3833333333333,3.79310344827586,3.50574712643678,47.5865820489574,52.7434270172257,47.4,5.4,88.2,47.4,0.689655172413793,2.35632183908046,"Stay-at-Home Defender",0.424538159191561,-0.956197894367575,-2.29295922504456
"171","Mike Matheson","FLA",59,0.789473684210526,0.43852016844743,0.689103121845961,12.1804511278195,7.7,48.1,54.0093984962406,16.2333333333333,2.98872180451128,2.4812030075188,57.5087878049629,58.1978909268089,49.7,9.7,89.8,46.6,2.31203007518797,3.04511278195489,"Norris Candidate",2.83185088687413,5.05633358572747,4.15194553339246
"172","Mike Reilly","TOT",44,1.81588902900378,0,0.515660809778457,14.3757881462799,1.2,44.7,52.8221941992434,15.8666666666667,3.48045397225725,2.95081967213115,66.5202444614209,61.27769289534,52.1,7.6,90.4,52.8,0.680958385876419,2.95081967213115,"Two-Way Player",2.56679182114977,2.1780733787539,-2.17845843917525
"173","Mikhail Sergachev","TBL",70,2.44039270687237,0.201483139778928,0.805932559115713,11.5287517531557,8.5,43.1,50.1192145862552,17.0166666666667,4.16549789621318,4.46002805049088,59.2864138799496,52.6878410521897,52.9,9.4,92.1,54.7,0.757363253856942,1.64095371669004,"Two-Way Player",2.64086863539524,1.69304822443082,2.20039329488845
"174","Mirco Mueller","NJD",50,1.56462585034014,0.158940397350993,0.317880794701987,4.96598639455782,6.9,39.7,51.3605442176871,15.1,6.19047619047619,4.28571428571429,49.1920529801325,64.5298013245033,43.3,7.6,90.9,42.5,0.612244897959184,1.83673469387755,"Bottom Pair Player",-5.96398423427154,-3.41820232425768,-2.76112151342097
"175","Miro Heiskanen","DAL",68,0.445544554455446,0.367009888877561,0.917524722193903,12.3638613861386,4.9,48.9,48.5594059405941,19.2333333333333,3.11881188118812,1.48514851485149,57.2994189010093,55.831379345499,50.6,8.7,93.5,51.5,1.55940594059406,2.93316831683168,"Norris Candidate",2.419238954921,5.87617091778483,3.63390763985999
"176","Morgan Rielly","TOR",47,1.2664907651715,0.196567351618951,1.11388165917405,13.7730870712401,2.4,47.1,48.3227792436236,19.4833333333333,3.53562005277045,2.00527704485488,66.0466301439674,62.2463280126677,51.5,9.9,90.8,50,0.897097625329815,2.21635883905013,"Norris Candidate",1.40990893550616,6.25607944394908,2.47905824431631
"177","Nate Schmidt","VEG",59,0.562939796716185,0.32114183764496,0.96342551293488,10.5551211884285,6.3,49.8,52.5879593432369,19,4.26896012509773,1.17279124315872,61.4451382694023,54.6476360392507,52.9,9,91.8,49.7,1.54808444096951,1.8295543393276,"Norris Candidate",2.29492838347437,4.86096592158078,3.56777965434635
"178","Nathan Beaulieu","WPG",38,2.69349845201238,0.10802376522835,0.756166356598452,6.96594427244582,2.6,50.7,51.5882352941176,14.6166666666667,4.36532507739938,5.75851393188854,49.7989557702695,60.0612134669627,45.3,9.6,95.6,51.8,0.557275541795666,2.13622291021672,"Bottom Pair Player",-3.37078139145757,-3.54136820336157,-1.6498268882658
"179","Neal Pionk","WPG",71,1.1566265060241,0.129899808758615,0.736098916298818,12.289156626506,3.4,52.1,50.0849397590361,19.5166666666667,2.81927710843373,5.96385542168675,57.8487148338365,54.3414199973539,51.6,8.7,91.6,55.3,1.12048192771084,2.24096385542169,"Two-Way Player",3.08719440400938,2.94454301670446,1.29748482593384
"180","Nick Holden","VEG",61,0.678260869565217,0.291582971554461,0.408216160176246,10.6434782608696,5.9,49.5,53.68,16.8666666666667,3.86086956521739,6.7304347826087,61.1157908378151,47.2364413918227,56.4,6.9,89.8,54.9,1.35652173913043,1.82608695652174,"Two-Way Player",5.39811572020691,1.35342031335845,1.0881501851623
"181","Nick Jensen","WSH",68,0.643564356435644,0,0.402813299232737,7.32673267326733,0,41.2,51.6171617161716,15.3333333333333,3.51485148514851,2.92079207920792,55.1854219948849,53.2864450127877,50.9,7.7,91.9,49.1,1.28712871287129,2.37623762376238,"Stay-at-Home Defender",0.771569727493659,-0.740044249475488,-3.98188498163515
"182","Nick Leddy","NYI",60,0.662983425414365,0.106856634016028,0.801424755120214,8.5240726124704,4.2,40,53.1807419100237,18.7166666666667,3.40962904498816,2.93606945540647,54.1228851291184,65.2894033837934,45.3,9.7,92,49.8,0.805051302288871,2.46250986582478,"Forward Playing Defense",-1.42247277173324,1.59516549152312,-0.942963012033708
"183","Nick Seeler","TOT",12,6.29370629370629,0,0.445103857566766,7.13286713286713,0,29.4,56.5594405594406,11.2333333333333,8.81118881118881,7.97202797202797,46.7359050445104,74.3323442136499,38.6,4.1,89.7,56.6,0.41958041958042,2.93706293706294,"Healthy Scratch",-7.80806225450478,-9.49390601702378,-10
"184","Nicolas Hague","VEG",38,3.14238952536825,0,0.733581741965533,13.3551554828151,1.9,39.7,56.2225859247136,15.0666666666667,2.5531914893617,6.77577741407529,59.7345132743363,46.2156497438286,56.4,10.5,87.4,64,1.27659574468085,0.981996726677578,"Two-Way Player",8.63989053577581,0.0583195938009311,-1.3329373876681
"185","Nikita Zadorov","COL",64,3.43007915567282,0.240384615384615,0.540865384615385,8.54881266490765,6.2,40.1,52.6860158311346,15.6,3.48284960422164,9.23482849604222,57.6322115384615,58.1730769230769,49.8,9,92.5,45.7,1.21372031662269,1.84696569920844,"Stay-at-Home Defender",-0.846800732457293,-2.12855252729652,-0.119244372187508
"186","Nikita Zaitsev","OTT",58,1.0272373540856,0.0551234152018129,0.606357567219942,7.70428015564202,1.6,38.8,50.8233463035019,18.7666666666667,5.64980544747082,5.04280155642023,54.3516873889876,66.9198260550009,44.8,6.9,92.1,43.9,0.933852140077821,2.05447470817121,"Bottom Pair Player",-5.1597096585619,-0.673021271467269,-3.63200720844353
"187","Niklas Hjalmarsson","ARI",27,1.65680473372781,0.139762403913347,0.419287211740042,4.61538461538461,5.6,46.2,50.8047337278106,15.9,5.32544378698225,2.36686390532544,54.6470999301188,66.38714185884,45.2,5.6,93.8,46.1,1.30177514792899,2.36686390532544,"Bottom Pair Player",-4.83065589211007,-1.73110360777318,-2.12746863983458
"188","Noah Dobson","NYI",34,1.06430155210643,0.14665145836728,0.733257291836402,10.509977827051,2.7,46.8,54.430155210643,12.0333333333333,4.12416851441242,3.32594235033259,59.8337950138504,59.6871435554831,50.1,7.6,91.6,59.4,1.06430155210643,3.19290465631929,"Two-Way Player",2.7208155019027,0.419150793583981,-1.80443307493343
"189","Noah Hanifin","CGY",70,0.48582995951417,0.191540303272147,0.622505985634477,10.8906882591093,3.8,49.1,50.7287449392713,17.9,3.60323886639676,3.31983805668016,60.4788507581804,58.5634477254589,50.8,8,90.9,48.6,1.53846153846154,2.55060728744939,"Forward Playing Defense",1.30533339282504,3.55024838553301,0.878878518085532
"190","Oliver Ekman-Larsson","ARI",66,1.5009874917709,0.304723209751143,0.812595226003047,10.7044107965767,6.7,49.8,46.6649111257406,17.9,2.56747860434496,5.09545753785385,56.4753682072118,61.5540883697308,47.8,7.9,92.7,48.1,0.750493745885451,1.77748518762344,"Forward Playing Defense",-0.115437009034089,2.30134298430365,2.85149520450629
"191","Oliver Kylington","CGY",48,1.45896656534954,0.188916876574307,0.472292191435768,8.75379939209726,5.4,38.5,57.9209726443769,13.2333333333333,3.10030395136778,3.28267477203647,54.691435768262,59.3198992443325,48,6.2,92.3,54,0.729483282674772,2.64437689969605,"Stay-at-Home Defender",2.02676307301624,-2.1763572298141,-2.86648300600889
"192","Olli Maatta","CHI",65,1.00250626566416,0.227920227920228,0.626780626780627,8.47117794486216,5,47.3,52.781954887218,16.2,5.51378446115288,5.96491228070175,54.4729344729345,56.7521367521367,49,9.2,90.9,46,1.10275689223058,2.85714285714286,"Forward Playing Defense",-1.95375030956421,0.189115561018731,-0.209429086560501
"193","Oscar Fantenberg","VAN",36,0.628272251308901,0.116279069767442,0.465116279069767,10.261780104712,2.2,45.9,54.0314136125654,14.3333333333333,6.49214659685864,7.01570680628272,48.953488372093,63.6046511627907,43.5,6.2,92.5,33.9,0.732984293193717,1.15183246073298,"Bottom Pair Player",-6.59888334867544,-4.22488052586264,-3.85557999110682
"194","Oscar Klefbom","EDM",62,0.913705583756345,0.153745408991259,0.66623010562879,11.9543147208122,3.1,50.6,44.5723350253807,18.8833333333333,6.85279187817259,1.71319796954315,53.4521538592945,61.0881758391937,46.7,9.4,90,51.9,1.37055837563452,2.20812182741117,"Forward Playing Defense",-2.3229286141015,3.99196170188004,0.965451177008202
"195","P.K. Subban","NJD",68,3.15159574468085,0.246697001260896,0.345375801765254,11.6489361702128,4.6,51.7,48.5132978723404,17.8833333333333,3.59042553191489,3.51063829787234,55.1614494819363,61.6249109149718,47.2,6.5,91.1,48.2,0.757978723404255,2.59308510638298,"Forward Playing Defense",-0.981620214891969,0.650298215039749,0.514361314634876
"196","Patrik Nemeth","DET",64,1.19148936170213,0.0513229927007299,0.35926094890511,7.31914893617021,1.1,51.7,49.7475177304965,18.2666666666667,3.91489361702128,3.40425531914894,50.6557937956204,53.786496350365,48.5,6.8,91.7,39.7,0.425531914893617,2.29787234042553,"Bottom Pair Player",-3.16600136247411,-1.51746772620787,-2.66193409698947
"197","Philippe Myers","PHI",50,2.10526315789474,0.291497975708502,0.874493927125506,12.4912280701754,5.1,43.8,57.7777777777778,16.4666666666667,3.08771929824561,5.6140350877193,54.5101214574899,51.5951417004049,51.4,12.2,92.2,52.3,1.47368421052632,2.24561403508772,"Two-Way Player",3.53900069102691,1.37949040396828,2.04145835508957
"198","Quinn Hughes","VAN",68,0.887096774193548,0.248084238381388,1.14118749655439,12.5806451612903,6.3,40.4,48.7607526881721,17.7833333333333,1.85483870967742,0.282258064516129,60.7806384034401,53.8342797287612,53,9.7,88.7,59.1,1.41129032258065,2.41935483870968,"Norris Candidate",6.94951434357985,7.22513928613481,3.51213381803698
"199","Radim Simek","SJS",48,1.01818181818182,0.165380374862183,0.578831312017641,6.32727272727273,5,46,52.7709090909091,15.1166666666667,4.36363636363636,6.61818181818182,53.9140022050717,62.4310915104741,46.3,7.2,90.9,46.5,1.45454545454545,2.61818181818182,"Bottom Pair Player",-2.33028416758564,-1.09179532453482,-1.54109754670922
"200","Radko Gudas","WSH",63,2.27703984819734,0.138026224982747,0.897170462387854,10.7590132827324,2.2,47.6,49.4914611005693,13.8,4.26944971537002,9.33586337760911,57.487922705314,54.5893719806763,51.3,11,90.6,48.1,1.30929791271347,1.93548387096774,"Forward Playing Defense",0.0145796599612957,-0.170902404170139,0.132135699277249
"201","Rasmus Andersson","CGY",70,2.44985673352436,0.246778173841514,0.641623251987935,9.36962750716332,4,56.9,52.2492836676218,17.3666666666667,3.56733524355301,2.1919770773639,59.3748286262682,55.0315327666575,51.9,7.9,91.1,54.6,0.816618911174785,1.67621776504298,"Two-Way Player",2.16502597052124,0.992630215965271,1.5174480841368
"202","Rasmus Dahlin","BUF",59,2.00351493848858,0.12859209515815,1.22162490400243,11.5465729349736,4.4,41.1,49.201230228471,15.8166666666667,2.68892794376098,3.79613356766257,57.1591862977979,53.3014234430534,51.7,8.3,91.3,58.9,0.843585237258348,2.21441124780316,"Two-Way Player",4.32707927793485,2.59231325471759,0.651220676054161
"203","Rasmus Ristolainen","BUF",69,1.7546090273363,0.191463901076984,0.909453530115676,8.16274634456453,4.7,59.8,47.8130959949142,18.1666666666667,3.12778130959949,7.74316592498411,48.823294774631,55.7638611886717,46.7,11.1,90.5,47.6,0.648442466624285,0.915448188175461,"Forward Playing Defense",-1.53231859293948,-0.104028511188636,2.71567464316777
"204","Rasmus Sandin","TOR",28,1.49625935162095,0.161117078410311,0.805585392051557,7.18204488778055,4.5,45.8,55.7206982543641,13.3,3.29177057356608,4.93765586034913,57.6799140708915,47.6906552094522,54.7,8.2,88.3,56.1,0.29925187032419,2.24438902743142,"Two-Way Player",4.3764603781789,-1.18713989649122,-1.29946255313493
"205","Riley Stillman","FLA",34,1.29230769230769,0,0.529941706412295,7.66153846153846,0,47,52.2553846153846,16.65,5.26153846153846,5.44615384615385,51.4043455219926,57.1277159512454,47.4,8.6,90.9,47.1,1.2,2.58461538461538,"Bottom Pair Player",-2.73563516808341,-1.45421161894355,-3.59774780849634
"206","Robert Bortuzzo","STL",42,2.28675136116152,0.2708192281652,0.541638456330399,7.07803992740472,5.6,55.4,48.2504537205082,10.55,4.68239564428312,7.18693284936479,51.3202437373053,47.6641841570751,51.8,10.3,94.5,57.3,0.217785843920145,1.08892921960073,"Stay-at-Home Defender",0.747987893984597,-4.46760154712138,0.613527440599231
"207","Robert Hagg","PHI",49,2.35602094240838,0.170265093291082,0.851325466455412,7.69633507853403,7.9,38.8,55.3494764397906,14.3833333333333,6.20418848167539,10.6806282722513,46.7377681084021,57.8049991723225,44.7,10.5,94.6,48.8,0.471204188481675,2.43455497382199,"Bottom Pair Player",-4.33880467261544,-4.63496029809811,-1.5469869059508
"208","Roman Josi","NSH",69,1.38279932546374,0.515297906602254,1.28824476650564,16.256323777403,6.2,53.9,47.1247892074199,20.25,3.6424957841484,1.75379426644182,66.6451959205582,60.1180891035963,52.6,9.9,92.1,50,1.14671163575042,2.29342327150084,"Norris Candidate",2.66439209501855,8.8648419236809,7.44415220281849
"209","Roman Polak","DAL",41,2.10834553440703,0,0.425720620842572,6.41288433382138,0,46.6,49.5241581259151,13.75,8.25768667642753,9.13616398243045,48.3192904656319,62.5809312638581,43.6,5.3,92.6,41.3,0.351390922401171,1.93265007320644,"Healthy Scratch",-8.91274977616952,-6.75516645166216,-6.46749832504229
"210","Ron Hainsey","OTT",64,0.54380664652568,0.0552554027504912,0.442043222003929,4.93957703927492,2.3,39.4,49.2084592145015,16.9666666666667,4.62235649546828,2.31117824773414,53.0451866404715,59.2337917485265,47.2,9.3,92.3,48,0.40785498489426,2.53776435045317,"Bottom Pair Player",-3.10212437061306,-0.808668626784563,-3.29444621519696
"211","Ryan Ellis","NSH",49,0.989583333333333,0.394643085524272,1.51279849450971,11.9270833333333,7,49.8,47.5112847222222,18.6166666666667,5,2.5,67.0893245391263,59.5253320665777,53,12.4,90.5,50.4,1.25,1.875,"Norris Candidate",1.13073142991667,7.89703703024077,6.59526201052145
"212","Ryan Graves","COL",69,2.06579954093344,0.496369151576432,0.827281919294053,12.0275439938791,6.7,51.1,49.9418515684774,15.7666666666667,6.88599846977812,5.14154552410099,58.1303428623954,56.5309311517603,50.7,12.1,93.3,49.6,0.872226472838562,1.8362662586075,"Forward Playing Defense",-1.5285995348292,1.81908451789934,4.24465647562339
"213","Ryan Lindgren","NYR",60,2.83702213279678,0.0697674418604651,0.906976744186046,5.5533199195171,2.1,51.1,51.9114688128773,14.3333333333333,4.22535211267606,5.67404426559356,49.2558139534884,56.2325581395349,46.7,12.3,91.9,51.8,1.69014084507042,1.50905432595573,"Bottom Pair Player",-1.77572950045198,-2.08695256685388,-0.425868544872598
"214","Ryan McDonagh","TBL",50,1.10144927536232,0.0700389105058366,0.700389105058366,7.76811594202899,2,37.3,49.6618357487923,17.1333333333333,5.85507246376812,2.08695652173913,54.0700389105058,55.8210116731518,49.2,10,92.3,45,1.44927536231884,1.85507246376812,"Bottom Pair Player",-2.53151284464058,0.750327745588951,-1.96759143464782
"215","Ryan Murray","CBJ",27,0.445269016697588,0.265076209410205,0.662690523525514,7.12430426716141,6.3,50,50.3933209647495,16.7666666666667,5.56586270871985,1.33580705009276,53.4128561961564,58.8469184890656,47.6,6.6,90.3,49,0.667903525046382,1.66975881261596,"Forward Playing Defense",-1.54704989183736,0.704581833270549,0.324115844536216
"216","Ryan Pulock","NYI",68,0.551181102362205,0.328827183047132,0.93950623727752,12.4015748031496,6.1,51.7,50.2860892388452,18.7833333333333,5.47244094488189,4.33070866141732,51.6728430502636,63.5575969518242,44.8,10.8,90.7,43.7,0.590551181102362,2.51968503937008,"Forward Playing Defense",-3.46414383801249,3.27106488098383,2.9454824410622
"217","Ryan Suter","MIN",69,0.423529411764706,0.272685956673231,1.09074382669293,8.92941176470588,7.2,43.9,46.5952941176471,19.1333333333333,3.28235294117647,1.69411764705882,58.8547189819724,58.4911377064081,50.2,10.4,89.9,49.5,0.670588235294118,0.952941176470588,"Norris Candidate",1.13843431669903,4.81293940250025,3.65768268758651
"218","Sami Niku","WPG",17,2.61818181818182,0,1.13364403577277,9.38181818181818,0,62.8,57.7381818181818,15.5666666666667,4.14545454545455,3.49090909090909,50.3337951883109,65.2978964605114,43.5,6.8,93.5,51.6,0.436363636363636,2.4,"Bottom Pair Player",-3.16231144845663,-2.7219873054011,-2.31186614728439
"219","Sami Vatanen","NJD",47,1.29158512720157,0.312317001756783,0.624634003513566,11.7416829745597,5.3,47.5,45.114481409002,16.35,4.69667318982387,2.93542074363992,53.4842865508491,58.3252000780792,47.8,7.9,89.7,50.1,0.821917808219178,1.40900195694716,"Forward Playing Defense",0.134591232283672,2.21936048544729,1.69881971855529
"220","Samuel Girard","COL",70,0.683646112600536,0.139372822299652,0.836236933797909,9.93297587131367,4.2,38.9,51.9369973190349,18.45,3.69973190348525,1.84986595174263,60.1626016260163,55.1451800232288,52.2,8.6,92,53.7,1.52815013404826,1.56836461126005,"Two-Way Player",3.05125996280121,3.26852691499806,0.228885074736615
"221","Scott Harrington","CBJ",39,1.76470588235294,0.117889773062187,0.825228411435308,8.05147058823529,2.7,50.7,56.1341911764706,13.05,5.29411764705882,5.07352941176471,50.6926024167403,58.3554376657825,46.5,4.9,93.5,50.3,0.551470588235294,0.992647058823529,"Stay-at-Home Defender",-1.74300873018325,-4.77875717498839,-3.23040005133342
"222","Scott Mayfield","NYI",67,2.38023952095808,0.262616536087889,0.315139843305467,10.7335329341317,5.1,41,51.3031437125749,17.05,5.25449101796407,4.17664670658683,53.2586335186239,59.5614303847332,47.2,8.2,93.2,47.9,0.94311377245509,3.1437125748503,"Bottom Pair Player",-2.12198316074046,-0.243636503343836,-0.902232195075964
"223","Sean Walker","LAK",70,1.18271417740713,0.255102040816327,0.714285714285714,12.2365428354814,3.9,47.2,53.4950720242608,16.8,3.82107657316149,3.68460955269143,65.969387755102,54.1326530612245,54.9,6.7,89.3,50.1,1.13722517058378,2.95678544351782,"Two-Way Player",3.6983900253398,3.56235710483819,0.67873830592295
"224","Seth Jones","CBJ",56,0.847457627118644,0.216450216450216,0.865800865800866,10.3389830508475,4.8,51.6,46.9830508474576,19.8,5.21186440677966,2.6271186440678,56.6017316017316,58.2251082251082,49.3,8.4,92.2,57.6,1.22881355932203,1.56779661016949,"Forward Playing Defense",0.664975139452009,3.72331603126178,2.1992731796205
"225","Shayne Gostisbehere","PHI",42,1.5625,0.367084735393087,0.275313551544815,11.5625,6.8,49.3,51.078125,15.5666666666667,2.890625,1.09375,54.6956255735699,49.2811257265219,52.6,7.6,92.5,57.1,0.703125,2.109375,"Two-Way Player",4.96613815389665,1.0379755232077,1.78668226629371
"226","Shea Theodore","VEG",71,0.949968334388854,0.49097401309264,0.803412021424321,16.7954401519949,5.9,49.5,51.0804306523116,18.9333333333333,2.62191260291324,0.759974667511083,67.5312438008332,48.8295973021226,58,7.3,91.6,58.7,2.08993033565548,2.05193160227992,"Norris Candidate",9.43464790613012,8.16483229458954,5.72636165682583
"227","Shea Weber","MTL",65,1.26841768097373,0.599833379616773,0.799777839489031,14.5291479820628,8.1,48.9,46.1370916079436,18.4666666666667,4.3818065342729,4.30493273542601,70.3804498750347,57.9339072479867,54.9,8.6,90.6,49.4,0.691864189622037,3.03651505445227,"Norris Candidate",2.66465257577754,7.21391615895925,6.13026851380775
"228","Slater Koekkoek","CHI",42,3.57954545454545,0.092864881597276,0.835783934375484,9.97159090909091,2.1,40.2,55.0653409090909,15.3833333333333,4.94318181818182,5.45454545454545,58.4120105246866,53.1187122736418,52.4,7.6,92.7,46.7,0.767045454545455,2.30113636363636,"Stay-at-Home Defender",-0.578241637313113,-2.09148398585582,-2.61900234639669
"229","Stephen Johns","DAL",17,2,0.417270356418429,0.625905534627644,13,6.7,46.2,57.5166666666667,16.9166666666667,4,10,54.2451463343958,52.7847000869313,50.7,8.5,92.9,53,1,2.2,"Two-Way Player",2.64125560246697,-0.750525441022843,1.55178597775628
"230","Steven Kampfer","BOS",10,0.882352941176471,0,0,12.3529411764706,0,46.4,56.5441176470588,12.8166666666667,3.52941176470588,6.61764705882353,52.4317295188557,51.963589076723,50.2,8.6,94,60.3,1.76470588235294,0.441176470588235,"Stay-at-Home Defender",4.68469103006419,-3.93456093297141,-3.97299585510681
"231","T.J. Brodie","CGY",64,1.65011459129106,0.211069418386492,0.73874296435272,7.56302521008403,6.2,39.4,52.1191749427044,17.7666666666667,3.9877769289534,0.916730328495034,61.2101313320826,55.6167917448405,52.4,10,91.2,48.8,1.55844155844156,2.38349885408709,"Forward Playing Defense",1.16612206125409,3.13587167938741,1.18170824630407
"232","Taylor Fedun","DAL",27,1.29380053908356,0.335429769392034,1.17400419287212,13.2614555256065,5,48.8,57.8571428571429,13.25,3.07277628032345,2.58760107816712,56.3522012578616,54.1719077568134,51,8.2,92.6,55.5,0.323450134770889,1.94070080862534,"Two-Way Player",4.41653230676858,0.725557827860705,1.39964843274029
"233","Thomas Chabot","OTT",71,1.36511375947996,0.228054986591211,0.836201617501109,12.7085590465872,3.2,47.6,51.3076923076923,22.2333333333333,2.76273022751896,2.56771397616468,60.3205439533754,59.1802690204194,50.5,7.9,90.2,48,1.36511375947996,2.82773564463705,"Norris Candidate",1.78547616287227,5.68507719479899,1.98260596715424
"234","Tim Heed","SJS",38,0.242914979757085,0.138100352923124,0.414301058769372,11.417004048583,2.3,46.8,52.7692307692308,11.4333333333333,3.64372469635628,1.94331983805668,59.6593524627896,51.5114316403253,53.7,4.4,89.3,54.5,1.21457489878543,2.06477732793522,"Two-Way Player",5.26881964043146,0.197043460645379,-2.55771969626875
"235","Torey Krug","BOS",61,1.584,0.42111595728681,0.84223191457362,13.104,6.3,52.7,47.8728,16.35,2.304,1.728,63.0470747480824,50.293277184539,55.6,8.2,89.2,68.4,1.056,2.304,"Norris Candidate",9.13701373979811,5.82046487908187,4.70193480759906
"236","Travis Dermott","TOR",56,2.29102167182663,0.266193433895297,0.46583850931677,7.4922600619195,6.2,53.7,55.8266253869969,16.1,3.59133126934985,4.70588235294118,53.9041703637977,54.3700088731145,49.8,11,92.3,52.7,1.42414860681115,2.72445820433437,"Forward Playing Defense",0.842761216658479,-0.447911952578476,1.52051245004566
"237","Travis Hamonic","CGY",50,1.52830188679245,0.20377358490566,0.611320754716981,9.50943396226415,3.6,49.4,50,17.6666666666667,6.22641509433962,2.20754716981132,60.2490566037736,63.0339622641509,48.9,9,90.8,45.6,1.18867924528302,2.0377358490566,"Forward Playing Defense",-3.02738490116097,2.03714597717442,0.40308753463351
"238","Travis Sanheim","PHI",69,1.3803019410496,0.40133779264214,0.652173913043478,9.74838245866283,7.3,48.7,51.588785046729,17.3333333333333,3.40762041696621,1.76851186196981,57.742474916388,53.5284280936455,51.9,10,89.7,49.4,0.948957584471603,2.28612508986341,"Norris Candidate",2.39796760708698,3.28774379023972,3.44479163607274
"239","Trevor Daley","DET",43,1.78306092124814,0,0.49597707483743,6.77563150074294,0,48.7,53.925705794948,14.0666666666667,3.92273402674591,0.802377414561664,43.2492009258239,62.2947205995812,41,6.4,89.2,45.1,0.445765230312036,1.87221396731055,"Healthy Scratch",-3.48562721270392,-3.93850008271128,-4.99575910378675
"240","Trevor van Riemsdyk","CAR",49,0.824175824175824,0.0908150652102621,0.635705456471835,9.31318681318681,1.7,51.3,54.4519230769231,13.4833333333333,3.04945054945055,1.73076923076923,56.9410458868343,50.2207310612749,53.1,7.1,90,53,1.07142857142857,1.4010989010989,"Two-Way Player",4.150328600652,-0.355704173744284,-1.56271108726852
"241","Troy Stecher","VAN",69,1.81303116147309,0.298477763406626,0.716346632175903,10.028328611898,5.8,48.6,56.9461756373938,14.5666666666667,3.96600566572238,3.90934844192635,58.2031638642921,61.3670281564023,48.7,8.4,93.7,39.3,0.906515580736544,1.41643059490085,"Forward Playing Defense",-1.88545777955956,-1.18673836987576,0.737398929053407
"242","Tucker Poolman","WPG",57,1.44723618090452,0.191194434117585,0.764777736470338,8.98492462311558,6.3,43,56.7708542713568,16.5166666666667,3.55778894472362,3.49748743718593,51.8774231239046,58.5054968399809,47,11.1,90.6,50.5,0.844221105527638,2.77386934673367,"Forward Playing Defense",0.305828512924448,0.573892836410433,0.233982568125759
"243","Tyler Myers","VAN",68,2.00956937799043,0.192338515787786,0.43276166052252,10.7860560492139,4.5,51,51.1742993848257,18.35,4.42925495557075,4.06015037593985,57.7015547363359,60.9232248757814,48.6,7.9,90.8,53.1,1.72248803827751,1.68147641831852,"Forward Playing Defense",0.63518126304432,1.61947650037253,0.816141121251055
"244","Tyson Barrie","TOR",70,0.627041149575441,0.180768265126789,1.03941752447904,14.1476159372959,3,46.8,52.0313520574788,18.9666666666667,2.97844546048334,1.84193337687786,66.2515691689681,56.8968114486568,53.8,8.9,90.2,58.2,0.627041149575441,2.42978445460483,"Norris Candidate",5.31454529784732,5.8806279805751,1.73458842576813
"245","Victor Hedman","TBL",66,1.17128463476071,0.349011135117168,1.29632707329234,11.5617128463476,7.1,50.7,45.4685138539043,18.2333333333333,3.70277078085642,2.75818639798489,58.5840119660961,52.8003988698687,52.6,12.7,91.9,53.6,1.77581863979849,1.51133501259446,"Norris Candidate",2.87672809157796,6.63153814682016,6.55746195670243
"246","Victor Mete","MTL",51,1.47058823529412,0.310961388960871,0.466442083441306,8.89705882352941,7,47.1,56.75,15.1333333333333,4.41176470588235,1.47058823529412,60.8706918890904,54.7292044571132,52.7,8.5,92.6,45.8,0.588235294117647,2.57352941176471,"Forward Playing Defense",0.57945502855871,0.0711220157310706,0.593793536223203
"247","Ville Heinola","WPG",8,1.6551724137931,0.439024390243902,1.31707317073171,7.44827586206897,10,55.6,56.551724137931,17.0833333333333,2.06896551724138,1.24137931034483,51.3658536585366,53.1219512195122,49.2,12.9,93.3,59.5,1.24137931034483,6.20689655172414,"Norris Candidate",2.85905995249857,5.26840223901362,5.74996869093696
"248","Vince Dunn","STL",71,1.4025974025974,0.291738926076598,0.466782281722556,13.9220779220779,6.5,51.5,53.4190476190476,14.4833333333333,2.44155844155844,2.5974025974026,57.4725684370897,46.386489246179,55.3,8.9,92.6,57.2,0.675324675324675,1.61038961038961,"Two-Way Player",6.80652091692628,1.10426890932037,2.27759480692455
"249","Vladislav Gavrikov","CBJ",69,0.824427480916031,0.253271422541157,0.658505698607007,7.2824427480916,6.2,50.9,54.2519083969466,17.1666666666667,4.21374045801527,3.61832061068702,54.6053186998734,56.7327986492191,49,7.5,92.1,41.7,0.732824427480916,1.51145038167939,"Forward Playing Defense",-1.75220730075033,-0.570885986404162,0.544726292315236
"250","Will Butcher","NJD",56,0.358923230309073,0.266193433895297,1.06477373558119,8.85343968095713,6.5,41.9,53.9341974077767,16.1,4.48654037886341,1.85443668993021,56.6992014196983,63.0212954747116,47.4,8.7,90.4,55,0.598205383848455,1.61515453639083,"Forward Playing Defense",0.869127942111742,1.99955007188364,0.7618223820299
"251","Xavier Ouellet","MTL",12,1.43712574850299,0,0.77720207253886,10.059880239521,0,28.6,55.4730538922156,12.8666666666667,5.38922155688623,8.62275449101796,56.3471502590674,50.5181347150259,52.7,9.7,90.9,53.5,0.359281437125749,1.43712574850299,"Stay-at-Home Defender",1.59337669855429,-3.49360151056885,-5.47959417464674
"252","Yannick Weber","NSH",41,1.46341463414634,0.107079119571684,0.214158239143367,9.82578397212544,2.2,47.9,58.5714285714286,13.6666666666667,3.97212543554007,3.86759581881533,55.8953004164188,63.7120761451517,46.7,7.6,93.3,46.6,1.14982578397213,1.14982578397213,"Stay-at-Home Defender",-0.988812558543428,-3.51844653218416,-3.13380297283468
"253","Zach Bogosian","TOT",27,2.93986636971047,0.158919348430671,0.794596742153357,7.34966592427617,3.4,52.7,50.4521158129176,13.9833333333333,3.60801781737194,4.00890868596882,50.2185141040922,54.9860945570123,47.7,11,89.9,45.1,0.534521158129176,1.46993318485523,"Bottom Pair Player",-1.77063609848004,-1.91263202124515,0.266185244569479
"254","Zach Werenski","CBJ",63,0.397088021178028,0.699300699300699,0.649350649350649,13.2627399073461,10.7,56,47.6982131039047,19.0666666666667,2.30311052283256,1.4295168762409,57.1428571428571,57.2927072927073,49.9,9.2,91.6,58.7,1.27068166776969,1.86631369953673,"Norris Candidate",5.50488821622358,6.85953566644198,8.34791110758631
"255","Zach Whitecloud","VEG",16,1.04803493449782,0,0.282308657465496,7.59825327510917,0,31,55.6855895196507,13.2833333333333,4.19213973799127,2.62008733624454,56.1794228356336,35.5708908406524,61.2,9.9,90.9,69.8,2.09606986899563,0.262008733624454,"Two-Way Player",10,-1.81565795652627,-4.31178089475405
"256","Zdeno Chara","BOS",68,2.51924422673198,0.252823192314175,0.455081746165515,6.50804758572428,5.8,55.5,49.8222533240028,17.45,4.2407277816655,3.27501749475157,51.171414124389,58.8572391707399,46.5,10.9,93.9,35.7,1.09167249825052,2.18334499650105,"Bottom Pair Player",-5.65242468150342,-0.807232827345672,1.86382335098875
